ID_Uzorka;Dubina_Busenja_cm;Temp_Tla_C;pH_Vrijednost;H2O_Postotak;Metan_Senzor;Organske_Molekule
1;5,9;-61,5;6,66;3,31;Negativno;Ne
2;11,0;-42,3;6,95;2,54;Negativno;Ne
3;12,6;-66,4;7,0;5,0;Negativno;Ne
4;10,0;-31,2;7,95;4,08;Pozitivno;Ne
5;0,2;-81,9;6,93;4,81;Negativno;Ne
6;10,9;-34,1;6,75;4,59;Negativno;Ne
7;12,3;-47,6;7,89;1,83;Negativno;Ne
8;13,1;-51,0;6,61;4,98;Negativno;Ne
9;3,6;-57,5;7,23;2,45;Negativno;Ne
10;3,2;-66,6;6,03;0,95;Negativno;Ne
11;10,8;-20,1;6,76;1,98;Negativno;Ne
12;8,9;-71,3;7,39;2,74;Negativno;Da
13;13,1;-55,2;7,4;1,63;Negativno;Ne
14;13,9;-62,1;6,46;2,62;Negativno;Ne
15;4,9;-41,8;5,91;1,47;Negativno;Da
16;8,8;150,0;-2,0;3,52;Pozitivno;Ne
17;1,3;-28,8;7,61;1,08;Negativno;Ne
18;3,9;-25,0;6,61;1,64;Negativno;Ne
19;8,8;-48,1;7,12;5,89;Negativno;Ne
20;8,5;-56,6;7,47;5,76;Negativno;Ne
21;4,2;-63,4;6,53;2,56;Negativno;Ne
22;12,8;-37,9;7,12;3,08;Pozitivno;Ne
23;1,0;-71,4;6,53;0,89;Negativno;Ne
24;2,8;-58,2;7,85;4,35;Negativno;Da
25;3,5;-26,2;6,46;2,6;Negativno;Ne
26;13,0;-73,7;7,07;3,59;Pozitivno;Ne
27;10,3;-26,3;6,89;5,88;Pozitivno;Da
28;11,7;-64,2;6,29;3,06;Negativno;Ne
29;10,1;-43,3;6,89;2,76;Negativno;Ne
30;3,9;-41,6;7,56;1,14;Negativno;Da
31;5,8;-38,0;6,97;3,84;Pozitivno;Ne
32;12,5;-52,9;7,19;5,15;Negativno;Ne
33;7,0;-62,2;7,09;4,12;Negativno;Ne
34;5,2;-40,8;6,8;5,33;Negativno;Ne
35;13,5;-46,5;7,54;5,96;Negativno;Ne
36;6,4;-32,1;6,29;2,19;Negativno;Ne
37;13,3;-72,7;6,27;4,69;Negativno;Ne
38;6,1;-70,0;6,86;0,95;Pozitivno;Ne
39;5,6;-62,0;6,61;0,51;Negativno;Ne
40;5,1;-16,7;7,75;7,146222572117153;Pozitivno;Da
41;13,8;-16,5;7,34;6,656654272973977;Pozitivno;Da
42;7,0;-68,3;6,99;5,61;Negativno;Ne
43;8,9;-49,1;7,42;1,49;Negativno;Ne
44;9,0;-64,6;7,06;2,46;Negativno;Ne
45;7,7;-45,3;7,26;2,89;Negativno;Ne
46;0,3;-62,1;7,7;4,76;Pozitivno;Da
47;2,3;-67,3;6,61;1,77;Negativno;Ne
48;9,1;-72,8;7,11;5,73;Negativno;Ne
49;7,5;-49,0;6,94;4,03;Negativno;Ne
50;0,7;-31,6;7,64;1,05;Negativno;Ne
51;3,2;-44,2;7,16;1,4;Negativno;Ne
52;6,4;-40,4;7,41;1,48;Negativno;Ne
53;0,2;-42,8;7,14;4,26;Negativno;Ne
54;10,2;-66,6;7,02;0,8;Negativno;Ne
55;2,2;-5,9;6,78;5,03;Negativno;Ne
56;10,3;-17,3;6,57;8,486654272973977;Pozitivno;Da
57;9,2;-46,3;5,63;4,75;Negativno;Ne
58;1,0;-75,2;6,91;1,12;Negativno;Ne
59;4,9;-64,5;7,24;0,7;Negativno;Ne
60;9,1;-60,0;7,47;3,99;Negativno;Ne
61;4,0;-61,8;6,08;1,23;Pozitivno;Ne
62;5,2;-42,1;7,11;1,33;Negativno;Da
63;9,1;-35,0;7,0;2,71;Negativno;Ne
64;2,0;-44,8;7,24;1,14;Negativno;Ne
65;14,0;-47,5;7,17;4,42;Negativno;Ne
66;7,8;-58,5;6,49;3,76;Negativno;Ne
67;5,5;-44,1;7,27;2,89;Negativno;Ne
68;1,4;-74,9;7,05;4,59;Pozitivno;Ne
69;6,7;-23,8;7,22;1,5;Negativno;Ne
70;3,9;-26,4;7,29;4,06;Pozitivno;Ne
71;5,2;-33,2;6,51;5,57;Negativno;Ne
72;4,9;-60,6;7,17;0,12;Negativno;Ne
73;6,5;-43,6;8,51;5,14;Negativno;Ne
74;9,6;-77,3;7,26;0,35;Negativno;Da
75;0,5;-47,1;6,38;1,32;Negativno;Ne
76;11,3;-7,7;6,25;8,876222572117152;Pozitivno;Da
77;12,5;-41,0;7,02;1,61;Negativno;Ne
78;12,9;-47,0;7,31;0,58;Negativno;Ne
79;9,5;-59,0;6,98;4,08;Negativno;Ne
80;9,7;-17,4;6,96;0,28;Negativno;Ne
81;6,0;-63,0;6,48;1,68;Negativno;Ne
82;9,1;-53,1;6,79;4,99;Negativno;Ne
83;14,3;-49,3;7,99;4,71;Negativno;Ne
84;7,4;-48,7;7,28;4,46;Negativno;Ne
85;2,6;-64,4;6,79;5,23;Negativno;Ne
86;5,0;-7,6;7,16;11,106222572117153;Pozitivno;Da
87;13,7;-51,4;7,19;0,56;Negativno;Ne
88;12,6;-34,5;6,96;5,23;Negativno;Ne
89;1,9;-73,6;6,24;3,49;Negativno;Ne
90;9,8;-41,3;7,48;0,53;Negativno;Ne
91;6,9;-57,2;7,39;4,01;Negativno;Ne
92;0,7;-57,3;7,07;3,74;Negativno;Ne
93;12,7;-67,1;7,29;3,46;Negativno;Ne
94;8,4;-26,1;7,05;3,91;Negativno;Ne
95;10,8;-64,0;7,14;4,61;Negativno;Ne
96;0,8;-71,7;7,08;1,17;Negativno;Da
97;5,8;-42,4;7,31;1,09;Negativno;Ne
98;13,0;-58,5;6,65;0,52;Negativno;Ne
99;12,8;-42,6;7,07;1,79;Negativno;Ne
100;3,2;-27,3;6,75;3,11;Negativno;Ne
101;7,5;-65,1;7,92;5,78;Negativno;Da
102;5,7;-60,9;8,06;5,65;Negativno;Ne
103;2,2;-29,0;7,16;4,32;Negativno;Ne
104;3,1;-58,4;7,83;0,12;Negativno;Ne
105;7,5;-56,6;6,84;2,68;Negativno;Ne
106;6,1;-66,6;7,73;5,9;Negativno;Ne
107;1,1;-58,0;6,4;1,52;Negativno;Ne
108;9,4;-26,3;7,69;3,38;Negativno;Ne
109;1,7;-47,4;6,46;4,85;Negativno;Ne
110;14,7;-75,4;6,89;0,19;Negativno;Ne
111;8,9;-34,2;7,95;4,87;Negativno;Ne
112;11,0;-43,7;6,51;5,94;Negativno;Ne
113;3,8;-38,0;7,28;4,68;Negativno;Ne
114;2,3;-24,8;7,07;5,56;Negativno;Ne
115;5,6;-48,9;6,57;1,28;Negativno;Ne
116;11,1;-43,5;7,2;2,49;Negativno;Ne
117;8,2;-28,2;6,46;5,72;Negativno;Ne
118;13,0;-32,3;6,88;2,73;Negativno;Da
119;1,1;-40,1;6,67;4,13;Negativno;Ne
120;8,5;-27,9;6,92;1,91;Negativno;Ne
121;5,4;-27,2;7,8;0,79;Negativno;Ne
122;10,6;-44,4;6,62;2,6;Pozitivno;Ne
123;12,5;-58,6;7,36;5,36;Negativno;Ne
124;4,3;-71,3;6,52;4,19;Negativno;Ne
125;6,3;-37,1;6,64;4,68;Negativno;Ne
126;3,7;-45,0;6,84;3,93;Negativno;Ne
127;5,3;-47,3;7,06;2,43;Negativno;Ne
128;14,4;-61,5;7,1;0,89;Negativno;Ne
129;10,2;-47,2;7,04;4,63;Negativno;Ne
130;9,5;-71,6;6,89;5,49;Negativno;Ne
131;9,3;-74,1;7,34;4,21;Negativno;Ne
132;10,6;-42,8;7,07;0,16;Negativno;Ne
133;2,8;-50,5;7,27;2,45;Negativno;Ne
134;1,7;-42,2;7,48;0,7;Negativno;Ne
135;2,4;-73,0;6,44;1,36;Negativno;Ne
136;2,4;-41,3;7,48;0,78;Negativno;Ne
137;10,0;-53,7;6,99;3,93;Negativno;Ne
138;14,9;-76,0;6,67;3,67;Negativno;Ne
139;9,6;-53,4;6,97;1,12;Negativno;Ne
140;8,3;-59,7;8,21;5,15;Negativno;Ne
141;12,7;-55,6;7,2;0,24;Negativno;Ne
142;2,4;-72,5;6,63;2,68;Negativno;Ne
143;5,9;-51,0;6,41;4,62;Negativno;Ne
144;6,9;-54,3;7,68;2,36;Negativno;Ne
145;14,5;-59,4;7,11;3,47;Pozitivno;Ne
146;5,5;-40,8;7,51;2,71;Negativno;Ne
147;2,7;-94,8;6,86;2,02;Negativno;Ne
148;11,5;-59,8;7,48;3,34;Negativno;Ne
149;7,7;-34,1;7,07;0,49;Negativno;Ne
150;0,8;-33,6;7,64;1,84;Negativno;Ne
151;8,4;-68,3;6,1;4,03;Negativno;Ne
152;7,8;-49,8;7,75;5,7;Negativno;Ne
153;11,7;-70,1;6,92;2,97;Negativno;Ne
154;10,8;-32,3;6,91;1,49;Pozitivno;Ne
155;7,9;-71,6;7,03;5,01;Negativno;Ne
156;0,3;-52,8;7,25;4,23;Pozitivno;Ne
157;0,3;-29,4;7,21;2,46;Negativno;Da
158;2,4;-58,6;7,1;4,12;Negativno;Ne
159;11,3;-71,9;7,0;5,33;Negativno;Ne
160;6,9;-69,0;6,75;3,06;Negativno;Ne
161;14,9;-50,4;6,76;4,62;Negativno;Da
162;4,4;-52,3;6,5;2,49;Negativno;Ne
163;9,9;-23,7;7,61;5,59;Negativno;Ne
164;14,5;-40,6;7,09;3,01;Negativno;Ne
165;6,5;-57,4;6,37;4,83;Negativno;Ne
166;0,5;-54,2;7,75;4,21;Negativno;Ne
167;13,6;-55,9;6,59;1,12;Negativno;Ne
168;6,4;-23,7;7,58;3,33;Negativno;Ne
169;13,4;-28,8;7,29;2,73;Negativno;Ne
170;8,5;-83,9;6,37;5,67;Negativno;Ne
171;2,3;-54,0;7,33;1,15;Negativno;Ne
172;14,7;-19,7;6,57;5,87;Negativno;Ne
173;7,1;-47,6;6,18;1,23;Negativno;Da
174;12,2;-43,0;7,83;5,81;Pozitivno;Ne
175;10,0;-30,9;6,14;0,13;Negativno;Ne
176;10,2;-37,2;6,46;1,67;Negativno;Ne
177;3,1;-57,8;6,33;4,64;Negativno;Ne
178;9,9;-46,2;7,31;4,46;Negativno;Ne
179;2,4;-19,1;7,94;4,74;Negativno;Ne
180;1,5;-50,5;6,26;2,18;Negativno;Ne
181;1,6;-59,0;7,23;4,43;Negativno;Ne
182;7,1;-9,8;6,56;9,231593338266595;Pozitivno;Da
183;3,6;-35,5;7,3;5,95;Negativno;Ne
184;7,6;-83,1;6,28;2,67;Negativno;Ne
185;10,5;-59,1;6,63;4,06;Negativno;Ne
186;0,8;-56,8;7,02;4,89;Negativno;Ne
187;11,2;-43,9;7,43;5,98;Negativno;Ne
188;10,7;-59,7;7,0;1,3;Negativno;Ne
189;5,0;-49,1;6,69;4,82;Negativno;Ne
190;7,7;-38,3;7,04;2,45;Negativno;Ne
191;5,5;-46,0;6,54;5,99;Negativno;Ne
192;0,7;-62,7;7,38;5,6;Negativno;Ne
193;10,7;-28,2;6,81;1,29;Negativno;Ne
194;14,8;-32,1;6,42;2,17;Negativno;Ne
195;5,6;-55,4;7,2;3,86;Negativno;Ne
196;6,1;-63,5;7,0;0,81;Negativno;Ne
197;11,4;-64,0;6,97;1,58;Negativno;Ne
198;4,8;-71,7;6,64;3,33;Negativno;Ne
199;5,8;-58,2;6,6;5,91;Negativno;Ne
200;12,5;-69,5;7,98;4,97;Negativno;Ne
201;5,2;-73,5;7,77;2,13;Negativno;Ne
202;13,0;-64,9;7,55;1,43;Negativno;Ne
203;0,6;-55,5;7,09;0,92;Negativno;Ne
204;1,3;-6,9;6,7;3,646654272973977;Pozitivno;Da
205;11,9;-37,1;6,86;1,97;Pozitivno;Ne
206;5,6;-41,5;6,9;1,35;Negativno;Ne
207;14,5;-40,3;7,66;4,88;Negativno;Da
208;4,0;-66,9;7,34;3,08;Negativno;Ne
209;13,6;-47,5;6,87;4,32;Negativno;Ne
210;1,4;-64,3;7,43;3,36;Negativno;Ne
211;5,8;-54,1;6,87;3,78;Negativno;Ne
212;4,7;-46,3;6,58;1,24;Negativno;Ne
213;10,7;-33,7;7,91;1,77;Negativno;Ne
214;9,7;-33,7;7,14;3,29;Negativno;Ne
215;14,2;-53,0;6,87;0,3;Negativno;Ne
216;11,5;-33,2;7,02;5,34;Negativno;Da
217;3,2;-67,9;7,46;0,47;Negativno;Ne
218;1,8;-56,5;7,16;1,02;Negativno;Ne
219;2,8;-28,6;6,56;5,39;Pozitivno;Ne
220;8,5;-81,0;6,54;2,1;Negativno;Ne
221;11,1;-44,3;7,07;0,23;Negativno;Ne
222;6,5;-65,2;7,98;4,92;Negativno;Ne
223;1,9;-36,9;7,45;0,61;Pozitivno;Ne
224;8,0;-28,8;5,76;0,51;Negativno;Ne
225;11,0;-57,3;7,04;5,77;Negativno;Ne
226;12,9;-52,5;7,02;0,44;Negativno;Ne
227;4,3;-67,8;8,03;0,37;Negativno;Ne
228;9,4;-63,5;7,95;0,15;Negativno;Ne
229;8,1;-51,2;6,97;2,95;Negativno;Ne
230;10,8;-65,0;6,61;2,9;Negativno;Ne
231;6,7;-40,5;7,03;0,27;Negativno;Ne
232;1,7;-46,1;7,87;0,94;Negativno;Ne
233;13,4;-51,1;7,1;3,13;Negativno;Ne
234;2,9;-45,1;7,11;0,65;Negativno;Ne
235;0,2;-51,6;6,93;3,38;Negativno;Ne
236;11,2;-32,1;7,42;4,42;Negativno;Ne
237;4,7;-56,7;7,73;5,83;Negativno;Ne
238;8,4;-63,7;6,91;0,54;Negativno;Ne
239;12,6;-60,8;7,54;0,82;Negativno;Ne
240;7,0;-49,5;6,93;2,49;Pozitivno;Ne
241;9,0;-48,6;7,07;0,88;Negativno;Ne
242;14,7;-44,9;6,9;4,07;Negativno;Ne
243;0,4;-18,6;7,63;3,276654272973977;Pozitivno;Da
244;11,2;-54,9;6,99;2,85;Negativno;Ne
245;13,1;-41,9;7,18;1,32;Pozitivno;Ne
246;5,1;-72,8;7,43;4,36;Negativno;Ne
247;5,2;-60,3;6,46;1,86;Pozitivno;Ne
248;1,2;-63,7;6,91;5,55;Negativno;Ne
249;8,7;-40,0;6,89;0,95;Pozitivno;Ne
250;4,1;-40,9;6,38;3,91;Negativno;Ne
251;1,3;-65,8;6,43;0,18;Negativno;Ne
252;4,3;-78,4;6,7;0,58;Negativno;Ne
253;9,5;-52,6;6,53;3,29;Negativno;Ne
254;9,4;-71,4;7,79;5,34;Pozitivno;Ne
255;2,4;-20,3;7,27;2,72;Negativno;Ne
256;2,5;-76,3;7,32;5,55;Negativno;Ne
257;13,5;-56,3;6,8;0,86;Pozitivno;Ne
258;6,9;-38,6;6,4;4,94;Pozitivno;Ne
259;4,7;-50,0;7,7;4,96;Negativno;Ne
260;12,9;-31,7;7,13;0,1;Negativno;Ne
261;8,9;-46,8;6,88;3,29;Negativno;Ne
262;13,8;-53,1;6,62;2,88;Negativno;Ne
263;0,3;-55,6;6,98;3,14;Negativno;Ne
264;7,8;-59,2;6,62;4,98;Negativno;Ne
265;5,7;-65,8;6,39;0,77;Pozitivno;Ne
266;3,6;-59,1;7,48;2,42;Negativno;Ne
267;3,2;-63,7;6,99;4,62;Negativno;Ne
268;4,0;-59,3;7,39;2,74;Negativno;Ne
269;7,3;-41,3;6,88;5,71;Negativno;Ne
270;3,3;-60,7;6,86;4,48;Negativno;Ne
271;14,1;-34,7;7,73;1,01;Negativno;Ne
272;7,1;-44,8;7,94;5,86;Negativno;Ne
273;13,3;-66,7;5,67;1,27;Negativno;Da
274;2,0;-60,2;6,83;0,55;Negativno;Ne
275;13,9;-47,0;6,06;3,44;Negativno;Ne
276;8,5;-32,3;7,94;5,82;Negativno;Ne
277;8,9;-40,0;7,73;3,12;Negativno;Ne
278;10,4;-35,7;7,27;3,47;Negativno;Ne
279;2,1;-32,8;6,83;2,26;Negativno;Ne
280;1,7;-54,5;7,12;5,54;Negativno;Ne
281;3,0;-41,7;7,06;3,31;Negativno;Ne
282;8,2;-64,3;7,24;2,94;Negativno;Ne
283;14,4;-28,1;7,38;5,71;Negativno;Ne
284;5,0;-64,1;7,69;0,6;Negativno;Ne
285;10,7;-49,9;7,01;4,69;Negativno;Ne
286;5,7;-49,3;7,39;1,77;Negativno;Ne
287;11,5;-55,2;7,79;2,11;Negativno;Ne
288;4,1;-26,3;7,67;4,24;Negativno;Ne
289;7,0;-54,9;7,27;3,12;Pozitivno;Ne
290;10,0;-37,9;6,56;3,09;Negativno;Ne
291;5,1;-41,5;6,98;3,05;Negativno;Da
292;8,0;-39,8;6,32;3,61;Pozitivno;Ne
293;13,1;-40,2;6,8;5,01;Negativno;Ne
294;12,9;-56,1;7,19;2,92;Pozitivno;Ne
295;6,7;-29,4;7,73;2,57;Negativno;Ne
296;8,5;-50,8;6,96;0,3;Negativno;Ne
297;8,3;-45,2;7,05;2,08;Negativno;Ne
298;5,5;-46,7;6,84;0,44;Negativno;Ne
299;11,7;-33,5;7,15;0,38;Negativno;Ne
300;12,7;-41,0;6,9;2,54;Negativno;Ne
301;0,5;-66,3;7,14;0,85;Negativno;Ne
302;3,7;-51,9;7,46;3,91;Negativno;Ne
303;13,0;-34,3;6,78;5,69;Negativno;Ne
304;1,1;-52,6;7,71;3,37;Negativno;Ne
305;6,4;-21,8;6,93;0,28;Negativno;Ne
306;10,1;-83,0;6,69;4,46;Negativno;Ne
307;1,5;-34,9;7,11;1,03;Negativno;Da
308;4,2;-89,1;7,89;0,42;Negativno;Ne
309;3,4;-32,6;6,96;4,91;Pozitivno;Ne
310;5,9;-31,5;7,22;4,4;Negativno;Ne
311;7,6;-54,5;7,13;4,93;Negativno;Ne
312;0,7;-50,5;7,15;1,22;Pozitivno;Ne
313;1,5;-64,7;7,03;1,49;Negativno;Da
314;4,4;-25,2;7,61;4,74;Negativno;Ne
315;13,9;-49,6;6,95;1,06;Negativno;Da
316;12,8;-83,1;5,9;2,21;Negativno;Ne
317;13,1;-53,5;6,46;0,53;Negativno;Ne
318;12,4;-68,8;7,19;1,07;Negativno;Ne
319;8,4;-27,0;6,45;0,67;Negativno;Ne
320;6,8;-52,1;6,97;4,66;Negativno;Ne
321;9,6;-53,8;7,44;4,93;Negativno;Ne
322;3,1;-46,8;7,85;4,64;Negativno;Ne
323;14,6;-48,1;6,81;5,32;Negativno;Ne
324;8,3;-58,2;7,0;0,63;Negativno;Ne
325;0,1;-54,6;6,97;1,03;Negativno;Ne
326;0,5;-15,1;7,44;8,726654272973978;Pozitivno;Da
327;4,4;-64,6;6,94;4,46;Negativno;Ne
328;1,0;-30,4;6,27;3,37;Negativno;Ne
329;13,0;-12,8;7,86;6,406222572117152;Pozitivno;Da
330;7,2;-61,5;7,82;1,77;Negativno;Ne
331;3,4;-47,3;7,07;1,58;Negativno;Da
332;4,1;-42,8;6,28;0,57;Negativno;Ne
333;7,3;-32,7;6,93;0,31;Negativno;Ne
334;14,1;-33,2;6,88;3,5;Negativno;Ne
335;0,5;-73,8;7,37;4,85;Negativno;Ne
336;8,3;-54,3;6,96;2,25;Negativno;Ne
337;1,3;-38,8;6,84;2,82;Negativno;Da
338;5,0;-71,8;7,82;2,08;Pozitivno;Ne
339;9,3;-41,5;7,18;1,6;Negativno;Ne
340;8,0;-63,8;6,91;1,64;Negativno;Ne
341;5,5;-46,9;7,72;0,28;Negativno;Ne
342;6,5;-67,4;6,69;5,82;Negativno;Ne
343;14,6;-55,2;7,43;0,68;Negativno;Ne
344;10,1;-35,2;7,31;2,54;Negativno;Ne
345;12,6;-71,5;6,86;2,47;Negativno;Ne
346;9,6;-29,2;7,13;3,68;Negativno;Ne
347;8,4;-56,7;6,76;1,06;Negativno;Da
348;5,7;-18,4;7,07;0,71;Negativno;Ne
349;5,6;-59,8;6,88;1,93;Negativno;Da
350;1,7;-33,5;6,97;5,6;Negativno;Ne
351;12,9;-63,3;7,05;2,05;Negativno;Ne
352;10,7;-45,6;7,2;3,0;Negativno;Ne
353;1,2;-41,4;7,48;2,86;Negativno;Ne
354;8,3;-46,2;7,09;3,01;Negativno;Ne
355;7,5;-45,5;6,27;2,22;Negativno;Ne
356;8,5;-17,4;7,31;1,98;Negativno;Ne
357;1,3;-67,8;6,77;2,31;Negativno;Ne
358;1,0;-39,4;7,48;3,45;Negativno;Ne
359;3,5;-30,1;7,22;2,01;Pozitivno;Ne
360;11,6;-40,9;6,85;3,65;Negativno;Ne
361;7,4;-27,6;6,73;5,88;Negativno;Ne
362;4,5;-52,1;7,72;4,71;Negativno;Ne
363;10,5;-81,6;7,9;5,64;Negativno;Ne
364;4,3;-41,8;5,73;5,2;Negativno;Ne
365;13,2;-43,9;7,11;4,2;Negativno;Ne
366;0,8;-26,2;5,94;3,96;Negativno;Ne
367;11,0;-54,0;7,55;3,53;Negativno;Ne
368;10,6;-21,9;7,06;2,17;Negativno;Ne
369;14,7;-18,2;7,62;5,03;Negativno;Ne
370;4,4;-53,3;6,34;3,95;Negativno;Ne
371;0,3;-65,5;6,84;5,78;Negativno;Ne
372;8,7;-56,1;6,62;3,24;Negativno;Ne
373;11,9;-62,0;7,38;2,78;Negativno;Ne
374;11,8;-20,8;7,29;2,85;Negativno;Ne
375;12,6;-59,0;6,24;2,32;Negativno;Ne
376;2,2;-58,7;7,19;5,37;Negativno;Ne
377;0,4;-52,6;6,83;2,69;Negativno;Ne
378;12,9;-37,8;7,85;5,74;Negativno;Ne
379;1,9;-14,8;7,47;4,466654272973977;Pozitivno;Da
380;11,1;-47,4;7,19;5,97;Negativno;Ne
381;8,5;-35,6;6,31;1,68;Negativno;Ne
382;3,3;-44,5;7,41;4,2;Negativno;Ne
383;11,6;-55,8;7,12;3,08;Pozitivno;Ne
384;9,2;-66,4;7,02;2,1;Negativno;Ne
385;2,6;-35,4;6,7;3,37;Negativno;Ne
386;8,6;-45,8;6,15;4,73;Negativno;Ne
387;1,5;-52,1;7,03;3,21;Negativno;Ne
388;7,0;-42,4;6,42;4,68;Negativno;Ne
389;10,3;-38,5;7,04;4,52;Negativno;Ne
390;9,3;-72,5;7,05;3,41;Negativno;Ne
391;14,0;-47,6;7,32;3,24;Negativno;Ne
392;6,5;-38,1;6,29;3,41;Negativno;Ne
393;5,3;-46,7;7,1;3,75;Negativno;Ne
394;8,0;-42,5;7,05;0,53;Negativno;Ne
395;9,1;-37,1;7,51;2,21;Negativno;Ne
396;11,0;-86,7;7,46;2,14;Negativno;Ne
397;12,9;-10,9;6,79;8,096654272973977;Pozitivno;Da
398;11,4;-33,3;7,52;2,9;Negativno;Ne
399;12,6;-51,7;5,99;3,81;Negativno;Ne
400;7,4;-42,7;7,03;3,92;Negativno;Ne
401;3,5;-64,3;6,75;2,95;Negativno;Ne
402;10,0;-66,9;6,91;2,59;Negativno;Ne
403;4,9;-58,7;6,88;3,73;Negativno;Ne
404;2,8;-60,7;5,96;1,41;Negativno;Ne
405;6,7;-42,9;7,6;3,27;Negativno;Ne
406;4,8;-55,5;6,26;0,76;Negativno;Ne
407;1,8;-41,7;6,19;5,15;Negativno;Ne
408;5,2;-64,8;6,77;2,99;Negativno;Ne
409;7,6;-31,2;7,18;3,56;Negativno;Ne
410;1,6;-16,7;7,78;10,281593338266596;Pozitivno;Da
411;3,4;-54,0;7,55;4,55;Negativno;Da
412;12,4;-80,5;6,9;1,4;Negativno;Ne
413;6,5;-70,8;7,1;5,57;Pozitivno;Ne
414;4,2;-54,9;7,54;5,72;Negativno;Ne
415;9,7;-65,9;7,17;1,52;Negativno;Ne
416;6,2;-51,2;7,21;5,63;Negativno;Ne
417;4,2;-30,5;6,88;5,59;Negativno;Ne
418;5,0;-56,3;6,77;1,94;Negativno;Ne
419;3,5;-52,9;6,75;1,09;Negativno;Ne
420;3,7;-61,3;6,62;2,47;Negativno;Ne
421;6,3;-59,9;7,23;2,37;Negativno;Ne
422;11,6;-7,2;6,98;9,631593338266596;Pozitivno;Da
423;9,7;-69,3;7,16;3,94;Negativno;Ne
424;14,9;-13,4;6,77;4,73;Negativno;Ne
425;9,4;-57,0;7,78;3,61;Negativno;Ne
426;1,8;-49,2;6,0;5,13;Negativno;Ne
427;5,3;-28,8;6,92;2,0;Negativno;Ne
428;3,1;-40,5;7,58;2,97;Negativno;Ne
429;4,0;-39,3;7,13;4,31;Negativno;Ne
430;8,5;-49,3;6,88;2,63;Pozitivno;Ne
431;12,0;-45,1;6,51;0,37;Negativno;Ne
432;8,4;-56,6;7,89;5,97;Negativno;Ne
433;14,8;-53,8;6,52;0,76;Negativno;Ne
434;12,2;-48,1;6,39;2,37;Negativno;Da
435;8,9;-69,6;7,02;3,47;Negativno;Ne
436;9,4;-71,7;6,1;1,37;Negativno;Ne
437;0,2;-44,5;6,3;0,24;Negativno;Ne
438;12,8;-75,1;6,69;4,79;Negativno;Ne
439;14,0;-53,7;6,64;3,57;Negativno;Ne
440;13,5;-45,1;6,87;5,67;Negativno;Ne
441;1,6;-64,9;7,05;4,14;Negativno;Ne
442;0,2;-45,5;7,57;1,3;Negativno;Ne
443;5,7;-71,0;6,58;5,83;Negativno;Ne
444;11,9;-86,0;6,72;1,0;Negativno;Ne
445;8,5;-46,3;7,32;5,22;Negativno;Ne
446;3,5;-60,8;6,95;5,03;Negativno;Ne
447;1,5;-29,8;6,65;5,74;Negativno;Ne
448;6,6;-41,5;7,44;2,87;Negativno;Ne
449;4,1;-35,9;7,14;1,45;Negativno;Ne
450;9,3;-38,3;7,57;0,41;Negativno;Ne
451;14,5;-40,0;6,52;5,34;Negativno;Ne
452;3,6;-48,6;7,23;4,14;Negativno;Ne
453;14,2;-18,4;6,97;5,41;Negativno;Ne
454;0,6;-27,8;6,57;5,81;Negativno;Ne
455;6,0;-36,8;7,64;4,25;Negativno;Ne
456;7,6;-62,9;7,08;0,94;Negativno;Da
457;12,1;-30,6;6,9;1,16;Pozitivno;Ne
458;11,4;-6,4;7,58;5,151593338266596;Pozitivno;Da
459;4,7;-49,7;6,58;2,26;Pozitivno;Da
460;7,2;-80,4;6,95;2,81;Negativno;Ne
461;4,1;-66,8;7,03;5,33;Negativno;Ne
462;15,0;-71,0;7,9;3,95;Negativno;Ne
463;0,2;-58,3;7,13;0,95;Negativno;Ne
464;5,3;-58,0;6,52;1,43;Negativno;Ne
465;12,5;-51,7;7,06;5,14;Negativno;Ne
466;8,0;-29,6;7,4;5,31;Negativno;Ne
467;11,4;-62,9;7,31;2,69;Negativno;Ne
468;5,6;-57,2;6,1;1,97;Negativno;Ne
469;3,0;-57,6;6,98;5,37;Negativno;Ne
470;4,0;-38,0;7,29;0,82;Negativno;Ne
471;14,6;-54,7;6,69;2,38;Negativno;Ne
472;1,1;-62,4;6,9;2,69;Negativno;Ne
473;8,3;-51,7;7,49;5,9;Negativno;Ne
474;2,3;-57,1;6,17;1,27;Negativno;Ne
475;1,9;-21,1;6,28;1,49;Negativno;Ne
476;6,9;-57,5;7,26;4,26;Negativno;Ne
477;4,7;-72,9;6,68;0,74;Negativno;Ne
478;3,5;-26,6;7,49;4,95;Negativno;Ne
479;9,4;-50,8;7,01;0,35;Negativno;Ne
480;12,8;-56,9;6,28;4,56;Negativno;Ne
481;11,2;-44,6;6,54;0,64;Negativno;Ne
482;3,0;-52,5;6,84;1,31;Negativno;Da
483;5,2;-35,3;6,81;2,04;Negativno;Ne
484;1,5;-52,8;7,08;5,51;Negativno;Ne
485;7,8;-54,9;7,07;1,83;Negativno;Ne
486;10,7;-90,6;6,53;1,79;Negativno;Da
487;12,5;-60,5;7,0;1,2;Negativno;Ne
488;10,2;-58,3;6,77;1,59;Negativno;Ne
489;8,5;-57,9;7,22;1,76;Negativno;Ne
490;4,9;-51,2;7,12;1,93;Pozitivno;Ne
491;1,8;-52,6;6,55;3,97;Negativno;Ne
492;3,3;-47,9;7,7;2,25;Negativno;Ne
493;2,1;-90,1;7,42;0,62;Negativno;Ne
494;2,2;-61,3;6,99;4,35;Negativno;Ne
495;13,3;-40,5;6,45;3,47;Negativno;Ne
496;5,6;-42,3;7,66;2,59;Negativno;Ne
497;9,2;-31,7;7,19;2,16;Negativno;Ne
498;13,6;-46,0;7,02;2,15;Negativno;Ne
499;13,2;-49,9;6,27;1,11;Negativno;Ne
500;2,2;-40,1;7,5;0,79;Negativno;Ne
501;8,1;-75,5;6,57;1,07;Negativno;Ne
502;14,9;-60,1;6,61;0,66;Negativno;Ne
503;2,8;-25,8;7,16;1,59;Negativno;Ne
504;13,8;-56,4;7,0;4,33;Negativno;Ne
505;3,4;-19,7;7,07;4,03;Negativno;Ne
506;0,2;-52,0;6,57;4,89;Negativno;Ne
507;6,6;-76,8;7,94;2,15;Negativno;Da
508;14,0;-77,6;6,91;0,52;Pozitivno;Ne
509;12,1;-62,8;7,11;2,21;Negativno;Ne
510;11,1;-75,1;7,29;3,84;Negativno;Ne
511;4,5;-76,1;7,28;5,71;Negativno;Ne
512;11,9;-24,1;6,72;2,65;Negativno;Ne
513;5,0;-46,3;7,99;5,56;Negativno;Ne
514;6,5;-49,0;6,91;5,22;Negativno;Ne
515;4,0;-52,5;7,19;2,9;Negativno;Ne
516;11,2;-34,6;6,72;5,51;Negativno;Ne
517;8,0;-63,4;6,6;4,53;Negativno;Ne
518;5,1;-57,2;7,0;4,79;Negativno;Ne
519;11,6;-50,2;7,0;4,48;Negativno;Ne
520;0,5;-49,9;7,57;3,48;Negativno;Ne
521;0,1;-21,2;6,52;1,53;Negativno;Ne
522;8,1;-8,3;6,71;8,176222572117153;Pozitivno;Da
523;7,3;-28,0;6,96;1,44;Negativno;Ne
524;9,8;-39,3;5,84;2,34;Negativno;Ne
525;8,1;-49,7;7,39;4,82;Negativno;Ne
526;9,4;-26,5;7,53;4,13;Negativno;Ne
527;13,7;-44,0;6,64;1,04;Pozitivno;Ne
528;9,8;-38,9;7,86;2,43;Negativno;Da
529;14,1;-53,9;7,12;4,93;Negativno;Ne
530;12,7;-72,0;7,09;2,42;Pozitivno;Ne
531;1,0;-45,6;6,88;5,59;Negativno;Ne
532;0,1;-19,7;7,56;7,936222572117153;Pozitivno;Da
533;5,7;-61,9;7,02;2,46;Negativno;Ne
534;12,0;-45,5;7,11;3,02;Pozitivno;Ne
535;11,4;-48,5;7,18;5,63;Negativno;Ne
536;2,2;-69,9;6,17;3,57;Negativno;Ne
537;4,5;-36,5;7,01;2,54;Negativno;Ne
538;12,1;-64,0;6,44;2,99;Negativno;Ne
539;5,3;-43,6;7,23;0,39;Negativno;Ne
540;14,1;-65,7;6,91;2,97;Negativno;Ne
541;6,5;-32,9;6,63;5,49;Negativno;Ne
542;10,8;-33,3;7,56;2,3;Negativno;Ne
543;2,0;-31,7;6,57;0,85;Negativno;Ne
544;1,9;-33,8;7,43;3,01;Negativno;Da
545;2,2;-110,3;7,04;2,8;Negativno;Ne
546;3,5;-52,8;6,88;2,33;Negativno;Ne
547;6,8;-75,5;6,65;0,42;Negativno;Ne
548;5,8;-29,1;7,81;3,4;Negativno;Ne
549;7,8;-77,8;6,69;1,15;Negativno;Da
550;0,5;-57,5;7,82;5,09;Negativno;Ne
551;13,2;-55,5;6,67;0,62;Negativno;Ne
552;4,1;-53,6;6,56;2,98;Negativno;Ne
553;9,2;-60,0;6,66;4,11;Negativno;Ne
554;9,2;-66,4;6,62;2,95;Negativno;Ne
555;3,4;-22,0;6,42;0,51;Negativno;Ne
556;0,9;-60,0;6,61;1,58;Negativno;Ne
557;8,4;-7,3;7,25;2,62;Negativno;Ne
558;3,0;-64,0;5,99;4,32;Negativno;Ne
559;3,9;-46,8;6,3;4,68;Negativno;Ne
560;0,4;-57,1;7,38;2,5;Negativno;Da
561;8,9;-45,7;6,8;0,63;Negativno;Ne
562;6,8;-57,7;7,08;2,2;Negativno;Ne
563;13,5;-43,0;7,06;3,18;Negativno;Ne
564;4,8;-32,2;7,76;3,92;Negativno;Da
565;11,4;-49,5;7,05;2,37;Negativno;Ne
566;9,7;-66,6;6,94;2,35;Negativno;Ne
567;5,4;-33,6;7,25;5,53;Negativno;Ne
568;9,5;-34,9;7,3;3,39;Negativno;Ne
569;5,6;-71,6;6,54;1,99;Negativno;Ne
570;2,3;-35,6;7,35;3,01;Negativno;Ne
571;7,4;-78,0;6,73;3,34;Negativno;Ne
572;3,8;-50,9;7,5;5,0;Negativno;Ne
573;3,7;-16,9;6,5;8,981593338266595;Pozitivno;Da
574;5,7;-69,6;6,66;5,0;Negativno;Ne
575;11,7;-37,7;7,34;2,64;Negativno;Ne
576;2,7;-34,9;6,18;2,0;Negativno;Ne
577;10,0;-35,7;7,16;0,61;Pozitivno;Ne
578;2,9;-58,2;5,81;3,6;Negativno;Ne
579;4,5;-51,9;6,27;1,0;Negativno;Ne
580;14,2;-50,3;7,21;3,99;Negativno;Ne
581;14,3;-23,9;7,25;4,23;Negativno;Ne
582;2,7;-36,7;6,77;5,08;Negativno;Ne
583;8,9;-69,7;7,37;4,2;Negativno;Ne
584;8,7;-59,7;7,0;4,82;Negativno;Ne
585;5,1;-76,1;6,59;4,18;Negativno;Ne
586;7,7;-38,5;7,12;3,51;Negativno;Ne
587;14,1;-68,5;6,46;3,09;Negativno;Ne
588;3,5;-66,0;7,07;1,44;Negativno;Ne
589;13,1;-36,2;7,02;0,51;Negativno;Ne
590;12,6;-52,3;5,99;4,76;Negativno;Ne
591;2,6;-56,6;6,68;2,81;Negativno;Ne
592;9,2;-36,7;6,82;3,08;Negativno;Ne
593;7,3;-56,7;7,3;1,47;Negativno;Ne
594;0,8;-41,6;6,83;2,91;Negativno;Ne
595;6,6;-74,7;5,95;0,53;Negativno;Da
596;7,0;-40,7;6,9;5,66;Negativno;Ne
597;14,0;-71,9;6,5;0,34;Negativno;Ne
598;9,7;-46,9;6,3;4,51;Negativno;Ne
599;6,1;-48,0;7,03;3,62;Negativno;Ne
600;10,9;-52,1;7,75;4,05;Negativno;Ne
601;13,8;150,0;-2,0;5,72;Pozitivno;Ne
602;9,2;-44,0;6,87;1,78;Negativno;Ne
603;13,1;-46,7;7,28;4,33;Negativno;Ne
604;9,5;-14,8;6,69;6,706222572117152;Pozitivno;Da
605;12,4;-60,1;6,52;0,24;Negativno;Ne
606;0,3;-35,8;7,31;4,19;Negativno;Ne
607;4,6;-40,1;7,99;2,08;Negativno;Da
608;6,5;-66,1;6,43;4,45;Pozitivno;Ne
609;12,0;-78,6;6,78;4,41;Negativno;Ne
610;5,2;-60,2;7,26;5,76;Negativno;Ne
611;13,9;-59,4;7,44;4,09;Negativno;Ne
612;8,6;-66,5;7,48;5,75;Negativno;Ne
613;13,5;-61,7;7,05;2,09;Negativno;Ne
614;12,6;-40,9;6,82;4,14;Negativno;Ne
615;7,6;-61,0;7,04;1,35;Negativno;Ne
616;7,6;-54,3;7,16;3,23;Negativno;Ne
617;9,4;-40,0;7,43;3,69;Negativno;Ne
618;3,1;-55,6;7,28;5,39;Negativno;Ne
619;5,6;-46,2;6,49;3,98;Pozitivno;Ne
620;3,3;-45,1;7,39;4,92;Negativno;Ne
621;6,2;-53,4;7,02;2,6;Negativno;Da
622;6,9;-28,1;5,92;4,9;Negativno;Ne
623;5,7;-38,7;7,48;1,79;Negativno;Ne
624;0,6;-49,0;7,37;0,41;Negativno;Ne
625;0,9;-49,1;7,02;2,77;Negativno;Ne
626;12,3;-64,0;7,2;2,62;Negativno;Ne
627;11,8;-63,0;7,93;4,04;Negativno;Ne
628;7,5;-29,4;6,8;4,94;Negativno;Da
629;8,4;-53,9;7,02;4,85;Negativno;Ne
630;8,0;-34,0;6,39;0,78;Negativno;Ne
631;6,7;-46,7;6,66;1,4;Negativno;Ne
632;6,6;-17,2;7,28;4,19;Negativno;Da
633;10,2;-47,7;6,62;3,44;Negativno;Ne
634;13,1;-43,9;6,85;0,49;Negativno;Ne
635;6,3;-28,1;6,8;0,58;Negativno;Da
636;3,9;-55,3;7,55;2,42;Negativno;Ne
637;13,3;-50,2;6,83;2,42;Negativno;Ne
638;1,0;-19,0;6,91;9,501593338266595;Pozitivno;Da
639;7,3;-50,3;5,94;0,79;Negativno;Ne
640;2,8;-47,1;7,22;2,93;Negativno;Ne
641;14,7;-62,3;7,56;4,25;Negativno;Ne
642;4,8;-60,6;7,59;4,28;Negativno;Ne
643;13,0;-45,4;6,05;4,35;Negativno;Ne
644;4,2;-37,3;6,25;3,07;Pozitivno;Ne
645;13,8;-85,5;6,1;0,69;Negativno;Ne
646;4,7;-30,4;6,94;5,18;Negativno;Ne
647;11,3;-69,1;7,08;0,14;Negativno;Ne
648;9,8;-53,5;7,94;0,81;Pozitivno;Ne
649;14,1;-47,1;6,3;3,69;Negativno;Ne
650;10,4;-73,5;7,1;0,56;Negativno;Ne
651;12,5;-70,8;6,94;0,79;Negativno;Ne
652;13,1;-73,0;7,09;2,16;Negativno;Ne
653;12,7;-59,1;6,85;0,43;Negativno;Ne
654;11,9;-52,0;7,29;5,06;Negativno;Ne
655;8,2;-70,3;6,53;4,26;Negativno;Ne
656;9,4;-68,0;6,18;1,1;Negativno;Ne
657;12,1;-64,4;6,11;2,06;Negativno;Ne
658;12,3;-42,0;7,2;1,94;Negativno;Ne
659;1,4;-44,4;6,96;2,7;Negativno;Ne
660;7,5;-48,2;6,15;3,94;Pozitivno;Ne
661;9,7;-58,3;7,18;0,89;Negativno;Ne
662;5,5;-56,1;7,54;2,29;Negativno;Ne
663;1,2;-28,7;7,71;3,77;Negativno;Ne
664;0,7;-57,0;6,42;1,6;Negativno;Ne
665;5,4;-37,2;6,67;2,85;Negativno;Ne
666;9,9;-72,5;7,93;5,5;Negativno;Ne
667;9,1;-53,9;6,85;1,36;Negativno;Ne
668;6,2;-18,3;6,56;3,5;Negativno;Ne
669;3,8;-50,2;6,82;4,02;Negativno;Ne
670;3,2;-52,6;7,01;2,88;Negativno;Ne
671;10,8;-72,9;7,37;3,99;Negativno;Ne
672;12,0;-44,4;6,0;1,28;Negativno;Ne
673;1,8;-59,8;8,17;3,47;Negativno;Ne
674;9,3;-73,5;6,39;4,33;Pozitivno;Ne
675;6,0;-57,8;7,55;2,79;Negativno;Da
676;8,9;-50,8;7,66;1,02;Negativno;Ne
677;1,2;-83,5;7,02;1,5;Negativno;Ne
678;3,5;-45,8;6,9;4,42;Negativno;Ne
679;8,7;-68,2;6,64;5,85;Negativno;Ne
680;13,4;-37,8;7,29;3,39;Negativno;Ne
681;11,8;-54,9;6,72;3,37;Negativno;Ne
682;3,4;-43,9;6,76;5,53;Negativno;Ne
683;9,3;-61,6;7,18;3,46;Negativno;Ne
684;1,2;-23,2;6,87;1,5;Negativno;Ne
685;8,8;-33,7;7,5;3,36;Negativno;Ne
686;11,1;-61,1;7,2;0,65;Negativno;Ne
687;5,1;-26,8;7,57;5,49;Negativno;Ne
688;12,1;-51,0;7,36;0,68;Negativno;Ne
689;7,7;-53,8;7,94;4,1;Pozitivno;Ne
690;12,5;-30,0;7,11;5,93;Negativno;Ne
691;3,1;-47,5;7,02;3,58;Negativno;Ne
692;3,4;-44,4;7,4;3,41;Negativno;Ne
693;8,4;-38,5;6,74;2,69;Negativno;Ne
694;3,4;-45,5;6,59;5,49;Negativno;Da
695;13,0;-49,7;7,8;3,53;Negativno;Ne
696;8,2;-42,3;7,25;5,23;Negativno;Ne
697;10,0;-55,5;7,23;2,71;Negativno;Ne
698;6,8;-41,8;6,93;4,26;Pozitivno;Ne
699;3,7;-29,7;7,65;1,65;Negativno;Ne
700;6,4;-72,0;6,91;1,54;Negativno;Ne
701;3,1;-63,9;6,31;2,77;Negativno;Ne
702;12,6;-45,8;6,11;1,17;Negativno;Ne
703;2,4;-66,6;6,75;5,39;Negativno;Ne
704;9,1;-38,1;6,95;3,53;Negativno;Ne
705;3,4;-37,8;7,11;5,26;Negativno;Ne
706;7,5;-43,0;6,73;3,6;Negativno;Ne
707;10,3;-22,9;6,42;0,31;Negativno;Da
708;4,6;-66,2;7,47;2,89;Negativno;Da
709;12,5;-47,9;7,61;1,89;Negativno;Ne
710;8,3;-33,6;8,31;5,4;Negativno;Ne
711;4,2;-34,5;7,31;5,63;Negativno;Ne
712;13,4;-43,3;7,31;5,28;Negativno;Ne
713;13,0;-69,7;7,88;4,33;Negativno;Ne
714;3,7;-48,2;6,53;0,53;Negativno;Ne
715;0,3;-68,9;6,45;4,94;Negativno;Ne
716;11,5;-18,4;7,22;0,86;Negativno;Ne
717;5,0;-39,4;6,89;0,78;Negativno;Ne
718;2,1;-52,5;6,31;2,42;Negativno;Ne
719;10,1;-57,9;5,73;3,14;Negativno;Ne
720;3,7;-47,8;7,13;1,52;Negativno;Ne
721;2,7;-28,8;7,7;0,2;Negativno;Ne
722;14,6;-62,3;7,24;0,73;Pozitivno;Ne
723;11,5;-49,0;7,43;3,52;Negativno;Ne
724;2,2;-61,9;6,67;0,33;Negativno;Ne
725;14,2;-33,8;6,37;2,78;Negativno;Ne
726;10,3;-32,6;6,74;1,87;Negativno;Ne
727;9,9;-62,4;7,35;0,62;Negativno;Ne
728;2,1;-99,4;6,91;4,65;Negativno;Ne
729;5,9;-28,7;7,03;3,15;Negativno;Ne
730;10,2;-62,5;7,25;3,77;Negativno;Ne
731;2,5;-32,5;7,32;5,79;Negativno;Ne
732;2,2;-58,6;6,75;4,55;Negativno;Ne
733;10,4;-16,6;7,61;4,5;Negativno;Ne
734;8,7;-70,3;6,83;1,98;Pozitivno;Ne
735;3,9;-43,5;6,63;5,21;Negativno;Ne
736;5,0;-41,5;6,34;4,1;Negativno;Ne
737;0,5;-62,6;6,55;3,49;Negativno;Da
738;9,1;-53,5;6,95;0,72;Negativno;Ne
739;8,8;-53,3;7,55;5,43;Negativno;Ne
740;0,7;-69,1;7,56;1,66;Negativno;Ne
741;12,9;-34,6;6,35;4,33;Negativno;Ne
742;14,0;-39,9;7,4;3,23;Negativno;Ne
743;8,1;-54,0;6,67;3,47;Negativno;Ne
744;8,2;-41,0;6,26;0,72;Negativno;Ne
745;0,7;-53,1;6,26;5,33;Negativno;Ne
746;1,9;-48,0;6,86;4,79;Negativno;Ne
747;7,8;-51,8;7,37;3,54;Negativno;Ne
748;14,4;-51,2;7,98;5,78;Negativno;Ne
749;12,6;-63,2;7,43;1,54;Pozitivno;Ne
750;13,7;-45,0;7,04;3,09;Negativno;Da
751;2,5;-75,0;6,96;1,92;Negativno;Ne
752;10,8;-70,1;7,8;4,26;Negativno;Ne
753;10,7;-24,6;6,89;0,48;Negativno;Ne
754;8,2;-47,9;6,62;5,34;Negativno;Ne
755;11,5;-26,8;7,38;5,2;Negativno;Ne
756;13,8;-54,8;6,51;4,44;Negativno;Ne
757;11,2;-51,8;6,15;3,39;Negativno;Ne
758;2,0;-53,7;6,09;5,14;Negativno;Ne
759;1,0;-61,2;6,07;3,65;Negativno;Ne
760;14,4;-64,2;5,5;3,03;Negativno;Ne
761;14,6;-26,8;7,44;2,93;Pozitivno;Ne
762;10,9;-44,9;6,8;0,1;Negativno;Ne
763;1,6;-53,6;7,12;2,33;Negativno;Ne
764;14,1;-27,4;6,63;3,57;Negativno;Ne
765;1,8;-12,0;6,87;3,46;Pozitivno;Ne
766;13,1;-46,4;6,82;4,46;Negativno;Ne
767;5,8;-48,2;6,75;0,11;Negativno;Ne
768;14,2;-64,1;6,83;5,76;Negativno;Ne
769;13,9;-51,9;7,03;2,41;Negativno;Ne
770;14,8;-38,9;5,71;5,34;Negativno;Ne
771;2,2;-64,3;6,77;3,12;Pozitivno;Ne
772;2,3;-83,3;7,12;2,07;Negativno;Ne
773;6,6;-25,7;6,73;4,7;Negativno;Ne
774;7,4;-43,3;7,21;3,96;Negativno;Ne
775;7,8;-53,5;6,44;1,25;Negativno;Ne
776;14,2;-31,3;7,03;3,54;Negativno;Ne
777;1,5;-64,2;7,38;0,7;Negativno;Da
778;8,9;-40,7;6,72;6,0;Negativno;Ne
779;5,9;-66,7;7,95;4,82;Negativno;Ne
780;11,5;-18,2;6,59;7,9862225721171525;Pozitivno;Da
781;11,1;-35,9;6,66;5,28;Negativno;Ne
782;3,9;-53,3;6,46;5,97;Negativno;Ne
783;10,4;-40,3;6,48;1,01;Negativno;Ne
784;14,3;-63,6;6,94;2,51;Negativno;Ne
785;4,8;-55,2;6,25;5,95;Negativno;Ne
786;4,2;-82,6;7,99;0,48;Negativno;Ne
787;2,3;-59,1;7,43;4,52;Negativno;Ne
788;0,3;-41,2;6,66;2,78;Negativno;Ne
789;9,7;-66,8;6,88;5,5;Negativno;Ne
790;6,3;-34,2;7,31;4,23;Negativno;Ne
791;8,8;-48,1;7,37;4,57;Negativno;Ne
792;4,0;-50,6;6,29;1,78;Negativno;Ne
793;8,3;-59,4;6,55;0,2;Negativno;Ne
794;13,9;-58,8;7,29;3,9;Negativno;Ne
795;14,8;-38,2;6,07;4,4;Negativno;Ne
796;13,2;-58,9;5,85;0,81;Pozitivno;Ne
797;9,4;-45,7;7,32;0,73;Negativno;Ne
798;1,0;-41,0;5,89;2,23;Negativno;Ne
799;0,4;-83,4;6,45;5,7;Negativno;Ne
800;7,9;-80,3;6,79;3,35;Negativno;Ne
801;2,3;-58,9;6,55;3,94;Negativno;Ne
802;8,0;-70,3;6,43;3,68;Negativno;Ne
803;6,7;-47,1;7,27;2,76;Negativno;Ne
804;1,3;-49,4;6,65;2,51;Negativno;Ne
805;0,5;-34,3;6,55;3,21;Negativno;Ne
806;13,3;-47,0;6,87;2,49;Negativno;Ne
807;3,9;-56,9;6,84;2,26;Negativno;Ne
808;8,1;-45,3;7,19;4,53;Negativno;Ne
809;12,6;-40,6;6,94;4,08;Negativno;Ne
810;12,8;-44,3;6,55;5,14;Negativno;Ne
811;4,8;-64,1;5,89;1,26;Negativno;Ne
812;1,3;-50,6;7,61;2,46;Negativno;Ne
813;3,4;-17,1;6,96;4,15;Negativno;Ne
814;9,2;-55,8;6,61;2,75;Negativno;Ne
815;0,8;-45,2;7,14;1,11;Negativno;Ne
816;2,5;-41,9;6,72;4,36;Negativno;Ne
817;13,3;-53,8;6,7;4,81;Negativno;Ne
818;14,5;-73,3;6,83;1,76;Negativno;Ne
819;7,2;-58,2;6,5;0,92;Negativno;Ne
820;7,1;-51,4;7,66;0,72;Negativno;Ne
821;2,8;-55,8;7,42;3,41;Negativno;Ne
822;1,7;-60,6;7,08;1,47;Negativno;Ne
823;10,0;-52,5;7,52;3,43;Negativno;Ne
824;6,4;-64,4;7,53;2,75;Negativno;Ne
825;9,0;-41,9;7,0;1,46;Negativno;Ne
826;9,4;-63,5;6,77;0,8;Negativno;Ne
827;5,6;-81,0;7,44;0,27;Negativno;Ne
828;8,1;-41,2;5,37;2,26;Negativno;Ne
829;1,9;-35,4;6,32;3,03;Negativno;Ne
830;1,3;-33,0;6,43;2,45;Negativno;Ne
831;5,2;-26,0;7,25;1,01;Negativno;Ne
832;1,1;-56,6;6,77;1,23;Negativno;Ne
833;14,8;-21,0;7,23;1,61;Negativno;Ne
834;3,1;-47,1;7,25;4,23;Negativno;Ne
835;6,6;-73,7;5,99;0,39;Negativno;Ne
836;4,8;-51,3;6,21;3,13;Negativno;Da
837;13,9;-7,2;6,8;7,3162225721171525;Pozitivno;Da
838;9,7;-59,9;7,39;4,08;Negativno;Ne
839;0,2;-65,9;6,9;2,87;Negativno;Ne
840;13,7;-45,3;7,21;2,4;Negativno;Ne
841;7,1;-56,9;7,43;3,02;Negativno;Ne
842;11,8;-35,9;6,34;3,15;Negativno;Ne
843;2,1;-23,8;7,06;4,45;Negativno;Ne
844;12,4;-76,8;6,7;1,63;Negativno;Ne
845;14,2;-40,5;6,83;4,89;Negativno;Ne
846;2,2;-30,5;6,91;3,95;Negativno;Ne
847;0,9;-60,2;6,28;2,95;Negativno;Ne
848;7,1;-71,2;7,12;5,39;Negativno;Ne
849;6,2;-46,2;7,33;4,67;Negativno;Da
850;3,4;-35,0;6,56;1,96;Negativno;Ne
851;9,6;-35,1;6,96;3,5;Negativno;Ne
852;4,5;-76,0;7,71;2,56;Pozitivno;Ne
853;5,0;-68,4;6,75;2,43;Negativno;Ne
854;5,1;-54,7;7,25;3,03;Negativno;Ne
855;1,0;-69,9;7,52;5,71;Negativno;Ne
856;3,7;-24,0;7,49;5,03;Negativno;Ne
857;2,6;-58,4;7,92;4,62;Negativno;Ne
858;0,4;-65,4;7,17;5,84;Negativno;Ne
859;13,0;-71,5;7,16;1,02;Negativno;Ne
860;3,4;-59,4;7,46;3,36;Negativno;Ne
861;9,2;-68,2;7,2;2,56;Negativno;Ne
862;2,9;-53,2;6,84;5,18;Negativno;Ne
863;10,3;-34,1;6,85;1,22;Negativno;Ne
864;5,2;-55,1;7,83;5,56;Negativno;Ne
865;14,5;-33,1;7,38;3,37;Negativno;Ne
866;1,0;-55,8;6,2;5,87;Pozitivno;Ne
867;6,4;-62,9;6,83;0,66;Negativno;Ne
868;14,6;-81,2;7,26;4,25;Negativno;Ne
869;8,4;-43,4;6,69;1,71;Negativno;Ne
870;5,8;-35,1;6,37;5,15;Negativno;Ne
871;10,7;-57,2;7,24;2,03;Negativno;Ne
872;1,7;-54,4;7,39;0,83;Negativno;Ne
873;10,2;-43,2;7,09;3,66;Negativno;Ne
874;6,7;-35,0;7,45;4,5;Negativno;Ne
875;2,2;-36,9;5,81;3,44;Negativno;Da
876;9,4;-36,4;7,28;2,14;Negativno;Ne
877;8,6;-31,6;5,96;0,15;Negativno;Ne
878;3,3;-67,9;6,89;4,18;Negativno;Da
879;6,7;150,0;-2,0;3,57;Pozitivno;Ne
880;7,2;-61,7;7,27;1,54;Negativno;Ne
881;3,0;-54,5;6,24;1,49;Negativno;Ne
882;14,1;-52,3;6,85;0,23;Negativno;Ne
883;8,0;-66,4;6,24;1,64;Negativno;Ne
884;2,3;-54,9;6,55;3,77;Negativno;Ne
885;4,4;-60,5;7,99;3,87;Negativno;Ne
886;7,8;-65,2;6,86;5,73;Negativno;Ne
887;4,5;-32,1;6,99;2,42;Negativno;Ne
888;13,8;-10,8;6,59;5,561593338266595;Pozitivno;Da
889;0,9;-58,8;6,92;0,26;Negativno;Ne
890;13,6;-47,2;6,86;3,32;Negativno;Ne
891;14,9;-66,9;6,34;2,29;Negativno;Ne
892;8,5;-44,2;6,77;0,56;Negativno;Ne
893;9,7;-53,7;7,13;5,2;Negativno;Ne
894;14,2;-43,9;6,61;2,71;Negativno;Ne
895;4,7;-16,1;6,23;4,12;Negativno;Ne
896;5,7;-75,3;7,2;1,66;Pozitivno;Ne
897;6,8;-26,5;7,51;0,86;Negativno;Ne
898;1,6;-26,3;6,49;3,87;Negativno;Ne
899;12,9;-33,6;6,46;2,46;Negativno;Ne
900;2,6;-62,1;6,02;2,16;Negativno;Ne
901;2,1;-36,7;7,3;0,77;Negativno;Ne
902;5,8;-68,1;6,46;0,1;Pozitivno;Ne
903;14,4;-59,9;7,18;4,63;Negativno;Ne
904;10,7;-45,2;7,42;4,77;Negativno;Ne
905;4,0;-43,0;7,39;4,73;Negativno;Ne
906;10,8;-41,5;6,55;1,74;Negativno;Da
907;2,3;-45,2;7,09;5,95;Negativno;Ne
908;5,3;-32,0;7,1;2,48;Negativno;Ne
909;9,4;-56,9;7,79;4,01;Negativno;Ne
910;1,1;-28,0;7,27;1,09;Negativno;Ne
911;8,4;-39,6;6,76;4,28;Negativno;Ne
912;12,6;-71,2;8,15;2,39;Negativno;Ne
913;12,6;-55,6;6,98;5,48;Negativno;Ne
914;14,6;-46,4;7,06;3,99;Negativno;Ne
915;10,9;-40,7;7,45;1,32;Negativno;Ne
916;0,9;-37,8;7,42;1,74;Negativno;Ne
917;14,5;-66,6;6,28;4,6;Negativno;Ne
918;8,6;-73,4;6,61;2,65;Negativno;Ne
919;4,1;-49,8;7,61;4,71;Negativno;Ne
920;3,5;-78,8;6,39;1,02;Negativno;Ne
921;2,3;-29,3;6,54;3,76;Negativno;Ne
922;10,5;-49,7;6,59;5,71;Negativno;Ne
923;1,9;-61,3;6,56;4,45;Negativno;Ne
924;10,2;-52,5;7,54;0,38;Negativno;Ne
925;11,7;-85,0;6,98;2,16;Negativno;Ne
926;5,9;-64,8;7,06;3,23;Negativno;Da
927;1,4;-72,3;6,86;2,54;Negativno;Ne
928;15,0;-54,5;7,59;2,6;Negativno;Ne
929;1,0;-46,4;7,26;0,81;Negativno;Da
930;1,2;-50,5;7,78;4,43;Negativno;Ne
931;12,3;-25,0;7,82;5,91;Negativno;Ne
932;13,2;-34,7;7,73;1,77;Negativno;Ne
933;8,3;-30,9;6,91;0,39;Pozitivno;Ne
934;14,4;-58,2;8,24;2,28;Negativno;Ne
935;10,4;-34,0;6,81;1,67;Negativno;Ne
936;9,2;-40,2;6,46;2,02;Negativno;Ne
937;9,4;-40,7;6,51;0,5;Negativno;Ne
938;8,2;-22,0;6,95;3,39;Negativno;Ne
939;4,5;-15,2;6,62;9,171593338266597;Pozitivno;Da
940;10,9;-54,9;7,6;4,46;Negativno;Ne
941;7,1;-65,3;7,42;0,44;Negativno;Ne
942;10,4;-64,0;6,96;1,44;Negativno;Ne
943;12,2;-44,9;6,94;0,62;Negativno;Ne
944;4,6;-31,4;7,21;0,36;Negativno;Ne
945;5,7;-45,8;6,9;1,94;Negativno;Ne
946;4,1;-59,1;6,65;3,59;Negativno;Ne
947;1,8;-45,3;6,62;1,29;Negativno;Ne
948;5,7;-53,1;7,61;2,75;Negativno;Ne
949;7,3;-45,4;5,96;1,98;Negativno;Ne
950;5,4;-32,9;7,08;4,12;Negativno;Ne
951;1,4;-52,8;7,24;2,99;Negativno;Ne
952;10,6;-47,7;6,79;0,88;Negativno;Ne
953;7,0;-47,4;6,93;4,81;Negativno;Ne
954;3,1;-19,3;6,81;5,93;Negativno;Ne
955;5,8;-64,6;7,15;3,54;Negativno;Ne
956;9,7;-51,0;7,0;2,32;Negativno;Ne
957;0,3;-65,0;7,48;4,12;Negativno;Ne
958;0,3;-24,2;7,31;1,22;Negativno;Ne
959;1,0;-25,4;7,53;2,8;Negativno;Ne
960;0,8;-61,7;6,97;3,39;Negativno;Ne
961;5,2;-33,3;6,43;5,03;Pozitivno;Da
962;4,6;-46,7;6,36;5,27;Negativno;Ne
963;8,4;-52,4;7,21;4,36;Negativno;Ne
964;4,6;-61,3;6,77;5,12;Negativno;Ne
965;6,7;-59,3;7,22;0,54;Negativno;Ne
966;11,3;-58,9;7,15;4,79;Negativno;Ne
967;7,8;-16,5;6,9;9,806222572117154;Pozitivno;Da
968;12,4;-50,5;7,42;2,55;Negativno;Ne
969;14,5;-48,5;7,66;4,35;Negativno;Ne
970;11,1;-50,9;6,72;0,78;Negativno;Ne
971;8,3;-18,3;8,0;2,02;Negativno;Ne
972;1,3;-53,2;6,69;4,79;Negativno;Ne
973;6,2;-41,0;7,19;2,74;Negativno;Ne
974;6,4;-42,0;6,93;4,1;Negativno;Ne
975;5,4;-67,4;6,46;3,24;Negativno;Ne
976;9,7;-45,1;6,36;3,45;Negativno;Ne
977;8,6;-56,6;5,4;0,57;Pozitivno;Ne
978;6,7;-56,9;7,2;1,17;Negativno;Ne
979;14,4;-33,2;6,18;3,98;Negativno;Da
980;3,0;-57,6;7,11;3,44;Negativno;Ne
981;10,6;-63,8;5,59;0,25;Negativno;Ne
982;9,8;-47,3;7,07;3,7;Pozitivno;Ne
983;9,4;-13,3;7,44;5,991593338266596;Pozitivno;Da
984;4,7;-21,4;5,96;3,06;Negativno;Ne
985;7,5;-28,0;7,26;5,58;Negativno;Ne
986;9,3;-51,0;7,24;5,66;Negativno;Ne
987;13,9;-33,1;6,95;0,63;Negativno;Ne
988;1,8;-64,2;6,84;5,3;Negativno;Ne
989;1,7;-49,0;6,22;3,15;Negativno;Ne
990;3,8;-35,3;6,74;4,83;Negativno;Ne
991;0,1;-58,4;6,84;2,34;Negativno;Ne
992;10,5;-45,7;7,29;0,71;Negativno;Ne
993;9,3;-81,8;6,47;1,75;Negativno;Ne
994;7,6;-52,8;6,62;2,68;Negativno;Ne
995;12,3;-37,2;6,97;2,53;Negativno;Ne
996;2,8;-62,5;7,02;4,46;Negativno;Ne
997;10,8;-65,7;6,51;1,88;Negativno;Ne
998;7,7;-54,8;7,21;4,51;Negativno;Ne
999;2,7;-47,3;6,81;5,13;Negativno;Ne
1000;11,4;-55,6;6,99;4,79;Negativno;Ne
1001;10,8;-39,5;7,99;2,2;Negativno;Ne
1002;1,4;-81,6;6,53;1,9;Negativno;Ne
1003;12,9;-42,1;6,57;4,83;Negativno;Ne
1004;7,3;-30,2;7,88;3,89;Negativno;Ne
1005;0,1;-83,6;7,47;5,46;Negativno;Ne
1006;7,8;-43,7;6,98;5,35;Negativno;Ne
1007;2,8;-55,7;7,03;0,32;Negativno;Ne
1008;11,2;-19,2;6,54;3,83;Negativno;Ne
1009;11,5;-46,0;6,14;5,75;Negativno;Ne
1010;10,1;-52,5;6,6;4,62;Negativno;Ne
1011;4,4;-19,2;6,76;8,021593338266596;Pozitivno;Da
1012;3,8;-52,7;7,12;3,38;Negativno;Ne
1013;10,7;-59,1;6,18;3,18;Negativno;Ne
1014;10,9;-46,3;6,16;4,0;Negativno;Ne
1015;10,5;-65,9;6,76;2,34;Negativno;Ne
1016;9,8;-43,7;7,46;4,01;Negativno;Ne
1017;11,0;-29,9;7,62;5,41;Negativno;Ne
1018;3,9;-33,7;6,21;4,31;Negativno;Ne
1019;5,1;-76,6;6,71;3,62;Negativno;Ne
1020;10,9;-52,4;7,29;4,43;Negativno;Ne
1021;3,0;-28,9;7,41;0,23;Negativno;Ne
1022;5,3;-42,2;7,21;4,4;Negativno;Ne
1023;13,6;-39,2;6,87;2,76;Negativno;Ne
1024;8,0;-48,0;7,05;0,85;Negativno;Ne
1025;8,4;-38,9;7,43;2,43;Negativno;Ne
1026;7,6;-33,0;6,87;2,2;Negativno;Ne
1027;3,2;-54,3;6,96;1,7;Negativno;Ne
1028;13,9;-31,6;7,71;5,89;Negativno;Ne
1029;12,9;-42,3;7,48;5,31;Negativno;Ne
1030;2,7;-24,2;7,05;5,35;Negativno;Ne
1031;13,4;-49,3;7,61;3,34;Negativno;Ne
1032;6,4;-46,9;6,4;4,71;Negativno;Ne
1033;13,8;-36,3;7,55;2,87;Negativno;Ne
1034;3,9;-42,7;6,38;3,15;Negativno;Ne
1035;13,0;-66,2;7,45;4,14;Negativno;Da
1036;2,4;-80,9;7,41;1,73;Negativno;Ne
1037;13,2;-47,5;6,5;1,54;Negativno;Ne
1038;13,3;-46,1;5,63;5,93;Pozitivno;Ne
1039;7,2;-39,6;6,14;3,47;Negativno;Ne
1040;7,5;-47,1;7,03;0,13;Negativno;Ne
1041;14,9;-57,8;6,96;2,54;Negativno;Ne
1042;0,4;-81,1;7,42;4,96;Negativno;Ne
1043;2,2;-41,7;6,85;1,15;Negativno;Ne
1044;0,8;-39,1;5,26;2,79;Negativno;Ne
1045;3,9;-42,0;7,65;2,91;Negativno;Ne
1046;11,8;-57,4;7,09;5,45;Negativno;Ne
1047;9,5;-32,3;7,68;5,21;Negativno;Ne
1048;2,1;-37,7;7,34;3,02;Negativno;Ne
1049;11,1;-35,0;6,72;4,38;Negativno;Ne
1050;1,3;-39,6;7,07;2,76;Negativno;Ne
1051;7,3;-59,1;6,47;2,93;Negativno;Ne
1052;13,2;-59,7;6,65;0,88;Negativno;Ne
1053;1,5;-30,5;7,6;3,63;Negativno;Ne
1054;2,5;-47,0;6,62;2,28;Negativno;Ne
1055;1,4;-34,8;7,28;5,03;Negativno;Ne
1056;1,2;-30,6;7,35;4,26;Negativno;Ne
1057;3,7;-51,1;6,34;0,87;Negativno;Ne
1058;7,1;-36,3;6,98;1,21;Negativno;Ne
1059;13,2;-40,2;6,96;1,43;Negativno;Ne
1060;9,0;-52,2;6,71;2,52;Negativno;Ne
1061;5,9;150,0;-2,0;0,9;Pozitivno;Ne
1062;6,2;-43,7;7,45;0,12;Negativno;Da
1063;3,1;-66,6;7,44;1,41;Pozitivno;Ne
1064;14,3;-52,3;5,76;5,65;Negativno;Ne
1065;6,9;-55,1;6,22;5,66;Negativno;Ne
1066;5,9;-29,7;6,95;1,62;Negativno;Ne
1067;0,5;-52,8;7,07;4,33;Negativno;Ne
1068;8,0;-8,1;6,55;10,056222572117154;Pozitivno;Da
1069;5,3;-78,1;7,18;2,02;Negativno;Ne
1070;1,7;-48,9;6,69;3,64;Negativno;Ne
1071;4,5;-20,6;7,51;2,06;Negativno;Ne
1072;2,9;-52,3;6,0;2,79;Negativno;Ne
1073;11,5;-51,1;6,94;3,98;Negativno;Ne
1074;7,6;-46,9;6,95;2,15;Negativno;Ne
1075;3,0;-15,1;7,59;5,966222572117152;Pozitivno;Da
1076;2,2;-30,0;6,57;3,8;Negativno;Ne
1077;14,8;-65,7;7,07;2,41;Negativno;Ne
1078;4,8;-54,8;6,96;0,79;Pozitivno;Ne
1079;5,5;-5,1;6,26;6,991593338266596;Pozitivno;Da
1080;9,0;-60,1;7,63;4,85;Negativno;Ne
1081;7,7;-36,8;7,2;5,35;Negativno;Ne
1082;8,6;-63,6;6,79;5,8;Negativno;Ne
1083;9,8;-9,3;6,9;5,321593338266596;Pozitivno;Da
1084;13,5;-26,6;7,45;0,28;Negativno;Ne
1085;9,9;-34,2;7,0;3,66;Negativno;Ne
1086;6,5;-64,4;7,66;5,86;Pozitivno;Ne
1087;8,6;-7,5;7,68;2,64;Pozitivno;Ne
1088;13,8;-8,4;6,01;9,161593338266595;Pozitivno;Da
1089;3,1;-48,2;7,78;4,95;Negativno;Ne
1090;5,5;-68,6;7,56;0,82;Negativno;Ne
1091;12,9;-62,9;6,48;3,92;Negativno;Ne
1092;9,7;-73,3;7,03;3,91;Negativno;Ne
1093;6,3;-42,6;7,48;2,57;Negativno;Ne
1094;2,6;-57,6;8,06;5,68;Negativno;Ne
1095;4,3;-28,8;7,69;0,5;Negativno;Ne
1096;7,4;-39,5;7,47;0,81;Negativno;Ne
1097;0,4;-66,8;5,49;5,07;Negativno;Ne
1098;9,6;-50,0;7,04;5,79;Negativno;Ne
1099;0,5;-9,5;6,23;5,811593338266595;Pozitivno;Da
1100;0,9;-85,8;7,65;0,77;Negativno;Ne
1101;1,4;-58,4;7,0;0,12;Negativno;Ne
1102;6,2;-39,1;6,78;4,54;Negativno;Ne
1103;7,1;-75,1;6,76;5,69;Negativno;Ne
1104;13,2;-52,2;7,42;0,95;Negativno;Ne
1105;5,5;-75,3;7,4;1,24;Negativno;Ne
1106;5,5;-28,4;7,05;5,98;Negativno;Ne
1107;1,0;-41,0;6,55;1,78;Negativno;Ne
1108;8,7;-51,3;6,09;5,17;Negativno;Ne
1109;10,6;150,0;-2,0;4,79;Pozitivno;Ne
1110;2,3;-61,5;6,88;0,61;Negativno;Ne
1111;2,3;-54,6;7,17;4,9;Negativno;Ne
1112;2,7;-55,4;6,57;1,6;Negativno;Ne
1113;6,5;-37,4;7,54;0,57;Negativno;Ne
1114;11,4;-64,7;7,45;4,12;Negativno;Ne
1115;10,0;-60,7;6,5;4,82;Negativno;Ne
1116;14,5;-54,5;7,74;0,43;Pozitivno;Ne
1117;4,7;-31,4;5,82;2,26;Negativno;Ne
1118;9,5;-63,0;7,61;3,76;Negativno;Ne
1119;11,2;-53,4;7,69;0,52;Negativno;Ne
1120;2,4;-18,3;7,31;4,48;Negativno;Ne
1121;12,8;-39,6;5,94;3,38;Negativno;Ne
1122;13,7;-87,0;7,19;5,85;Negativno;Ne
1123;2,4;-44,9;7,58;5,45;Negativno;Ne
1124;5,2;-57,7;6,48;2,13;Negativno;Ne
1125;8,3;-71,6;6,41;1,18;Negativno;Ne
1126;6,0;-53,0;7,55;1,91;Negativno;Ne
1127;3,8;-71,3;6,84;2,66;Negativno;Da
1128;6,6;-45,9;7,18;3,37;Negativno;Ne
1129;3,2;-53,4;7,4;1,11;Negativno;Ne
1130;1,7;-31,8;6,4;1,94;Negativno;Ne
1131;1,0;-46,2;7,27;5,81;Negativno;Ne
1132;4,0;-50,8;6,82;3,18;Negativno;Ne
1133;3,6;-65,3;6,47;2,36;Negativno;Ne
1134;2,4;-39,9;7,53;0,62;Negativno;Ne
1135;9,9;-31,5;6,75;0,96;Negativno;Ne
1136;12,3;-61,2;7,58;4,2;Negativno;Da
1137;12,6;-44,3;6,89;1,74;Negativno;Ne
1138;4,7;-23,8;7,07;3,44;Negativno;Ne
1139;3,5;-85,2;7,53;2,66;Negativno;Ne
1140;0,6;-36,0;6,77;2,59;Negativno;Ne
1141;8,6;-15,5;6,38;7,7362225721171525;Pozitivno;Da
1142;13,6;-39,6;6,8;2,77;Negativno;Ne
1143;9,6;-48,1;7,46;2,68;Negativno;Ne
1144;13,8;-67,4;7,29;4,89;Negativno;Ne
1145;5,3;-41,6;7,04;4,64;Negativno;Ne
1146;6,4;-42,3;7,67;2,43;Negativno;Ne
1147;14,7;-35,2;7,63;3,2;Negativno;Ne
1148;0,9;-36,4;6,39;5,43;Negativno;Ne
1149;9,8;-63,2;5,96;2,05;Negativno;Ne
1150;6,2;-47,1;6,19;2,06;Negativno;Da
1151;11,3;-67,3;7,32;0,64;Negativno;Ne
1152;13,5;-44,6;6,8;4,6;Pozitivno;Ne
1153;12,7;-44,3;7,24;5,72;Negativno;Ne
1154;9,0;-45,2;7,14;3,99;Negativno;Ne
1155;12,0;-32,6;7,23;5,68;Pozitivno;Ne
1156;10,8;-28,9;7,58;4,25;Negativno;Ne
1157;1,6;-55,9;7,44;1,97;Negativno;Ne
1158;6,5;-43,7;7,24;5,2;Negativno;Da
1159;6,3;-44,4;7,22;4,69;Negativno;Ne
1160;4,7;-56,3;7,54;3,25;Negativno;Da
1161;3,6;-24,8;7,13;0,85;Negativno;Ne
1162;7,9;-65,2;6,99;1,94;Pozitivno;Ne
1163;3,5;-48,8;6,49;4,57;Negativno;Ne
1164;13,7;-63,5;7,77;2,85;Negativno;Ne
1165;8,8;-77,3;6,88;5,37;Negativno;Ne
1166;6,2;-58,2;6,95;4,33;Negativno;Ne
1167;6,6;-70,7;7,58;2,79;Negativno;Da
1168;14,9;-61,5;6,9;2,67;Negativno;Ne
1169;7,7;-70,8;7,06;2,18;Negativno;Ne
1170;10,3;-41,7;6,3;4,78;Negativno;Ne
1171;1,0;-77,5;6,47;5,19;Negativno;Ne
1172;11,8;-36,3;7,62;3,39;Negativno;Ne
1173;7,1;-72,9;7,26;1,37;Negativno;Ne
1174;7,6;-74,2;6,47;3,86;Negativno;Ne
1175;5,1;-31,9;6,32;1,37;Negativno;Ne
1176;8,8;-33,7;6,37;4,81;Negativno;Ne
1177;11,2;-67,3;6,78;1,05;Negativno;Ne
1178;4,5;-49,0;7,22;1,75;Negativno;Ne
1179;11,4;-42,1;6,65;2,6;Negativno;Ne
1180;14,4;-39,6;7,48;1,44;Negativno;Ne
1181;4,0;-39,3;6,64;2,84;Negativno;Ne
1182;14,9;-32,0;6,4;4,77;Negativno;Ne
1183;8,4;-10,9;6,22;5,4715933382665956;Pozitivno;Da
1184;1,5;-19,8;6,74;9,021593338266596;Pozitivno;Da
1185;11,6;-52,8;6,83;1,47;Negativno;Ne
1186;9,1;-56,5;6,84;3,17;Negativno;Ne
1187;6,4;-33,9;8,21;0,93;Negativno;Ne
1188;11,3;-42,5;6,44;1,93;Negativno;Ne
1189;6,7;-49,9;7,23;3,36;Negativno;Ne
1190;6,3;-28,3;6,11;1,59;Negativno;Ne
1191;8,7;-58,7;7,19;5,91;Negativno;Ne
1192;6,0;-55,5;6,49;3,82;Negativno;Ne
1193;13,9;-38,1;6,52;3,25;Negativno;Ne
1194;2,4;-59,3;6,93;4,0;Negativno;Ne
1195;11,7;-43,3;8,04;3,18;Negativno;Ne
1196;2,0;-83,2;6,99;2,32;Negativno;Ne
1197;14,5;-36,8;7,45;3,56;Negativno;Ne
1198;3,6;-44,6;6,36;1,99;Negativno;Ne
1199;10,3;-35,6;6,19;2,28;Negativno;Ne
1200;14,3;-47,9;6,99;4,14;Negativno;Ne
1201;14,6;-51,8;6,88;1,24;Negativno;Ne
1202;8,7;-37,5;7,62;4,29;Negativno;Ne
1203;5,9;-38,7;7,48;1,68;Pozitivno;Ne
1204;8,1;-5,5;6,93;7,366222572117152;Pozitivno;Da
1205;3,1;-23,8;6,29;3,2;Negativno;Ne
1206;5,4;-18,8;6,86;5,46;Negativno;Ne
1207;11,2;-54,2;6,46;4,32;Negativno;Da
1208;1,2;-66,5;6,43;3,27;Negativno;Da
1209;13,9;-59,9;7,27;1,55;Negativno;Ne
1210;14,4;-58,9;7,64;1,47;Negativno;Ne
1211;5,0;-15,1;6,58;8,056222572117152;Pozitivno;Da
1212;9,9;-47,3;5,85;1,01;Negativno;Ne
1213;5,2;-49,5;7,28;2,17;Negativno;Ne
1214;6,3;-63,7;7,74;5,48;Negativno;Ne
1215;4,3;-35,7;6,71;3,21;Negativno;Ne
1216;0,3;-53,6;7,12;5,31;Negativno;Ne
1217;5,6;-78,6;6,88;0,11;Negativno;Ne
1218;4,0;-58,4;6,68;2,62;Negativno;Ne
1219;14,9;-53,5;7,65;4,63;Negativno;Ne
1220;13,4;-53,3;6,49;1,49;Negativno;Ne
1221;2,8;-42,3;7,39;5,26;Negativno;Ne
1222;0,3;-48,7;6,49;1,03;Negativno;Ne
1223;14,1;-28,9;6,63;5,27;Negativno;Ne
1224;8,0;-52,3;6,52;0,13;Negativno;Ne
1225;2,8;-44,8;7,21;0,78;Negativno;Ne
1226;7,1;-54,1;7,57;5,2;Negativno;Ne
1227;6,8;-54,2;7,1;0,13;Negativno;Ne
1228;11,8;-27,5;6,37;2,94;Negativno;Da
1229;2,6;-51,5;7,51;5,4;Negativno;Da
1230;12,6;-60,6;7,29;4,32;Negativno;Ne
1231;0,3;-82,0;8,09;2,35;Negativno;Ne
1232;4,4;-21,0;6,23;0,73;Negativno;Ne
1233;7,3;-36,0;6,95;2,6;Negativno;Ne
1234;6,1;-37,3;5,83;2,75;Negativno;Ne
1235;9,8;-54,5;6,75;2,62;Negativno;Ne
1236;14,5;-58,3;7,19;3,73;Negativno;Ne
1237;11,0;-33,8;6,94;5,4;Negativno;Ne
1238;7,0;-49,9;5,97;5,25;Negativno;Ne
1239;2,5;-46,7;7,46;3,66;Negativno;Ne
1240;2,5;-55,5;6,92;5,01;Negativno;Ne
1241;2,0;-65,8;6,18;2,15;Negativno;Ne
1242;7,1;-56,5;7,69;3,7;Negativno;Ne
1243;8,7;-58,0;7,01;0,78;Negativno;Ne
1244;13,3;-65,6;6,19;4,12;Negativno;Ne
1245;1,1;-42,2;7,09;3,26;Negativno;Ne
1246;9,0;-48,3;6,91;1,16;Negativno;Ne
1247;4,6;-76,0;7,27;3,89;Negativno;Ne
1248;12,8;-40,8;6,68;2,91;Negativno;Ne
1249;7,5;-51,6;8,54;2,15;Pozitivno;Ne
1250;4,6;-41,0;7,37;3,97;Negativno;Ne
1251;11,2;-64,9;7,4;4,82;Negativno;Ne
1252;5,1;-47,3;6,36;3,57;Negativno;Da
1253;2,5;-48,0;6,24;1,08;Negativno;Ne
1254;5,3;-65,0;6,7;2,67;Negativno;Da
1255;13,8;-45,1;7,53;4,29;Negativno;Ne
1256;9,6;-39,6;7,09;2,58;Negativno;Ne
1257;7,0;-49,3;7,02;1,17;Negativno;Ne
1258;3,2;-14,5;7,14;7,636222572117152;Pozitivno;Da
1259;9,3;-60,7;6,43;1,71;Negativno;Ne
1260;12,5;-58,0;7,13;5,36;Negativno;Ne
1261;7,1;-66,5;7,13;0,71;Negativno;Ne
1262;14,8;-30,7;7,26;1,57;Negativno;Ne
1263;10,2;-45,5;6,62;3,19;Negativno;Ne
1264;4,8;-37,0;6,4;2,58;Negativno;Da
1265;2,9;-36,6;7,12;3,59;Negativno;Ne
1266;6,2;-61,4;7,08;5,13;Negativno;Da
1267;10,6;-58,1;7,47;5,24;Negativno;Ne
1268;11,7;-50,2;7,0;5,56;Negativno;Ne
1269;2,6;-34,8;7,71;3,0;Negativno;Ne
1270;2,4;-50,6;6,82;5,11;Negativno;Ne
1271;11,0;-46,2;7,11;5,31;Negativno;Ne
1272;11,9;-68,7;6,88;2,15;Pozitivno;Ne
1273;1,6;-44,6;7,51;1,37;Negativno;Ne
1274;1,9;-58,9;6,42;2,99;Pozitivno;Ne
1275;12,1;-44,1;7,1;2,19;Negativno;Ne
1276;0,3;-46,0;7,4;5,43;Negativno;Ne
1277;5,9;-32,9;7,32;4,93;Negativno;Ne
1278;4,4;-71,0;7,54;3,38;Negativno;Da
1279;2,8;-23,0;7,13;4,18;Negativno;Ne
1280;14,3;-44,5;8,26;5,83;Negativno;Ne
1281;0,9;-45,6;6,57;2,36;Negativno;Ne
1282;0,8;-74,4;7,05;5,61;Negativno;Ne
1283;10,0;-35,0;7,55;5,86;Negativno;Ne
1284;1,2;-48,5;6,94;1,17;Negativno;Ne
1285;14,8;-43,5;6,9;0,2;Negativno;Ne
1286;2,9;-68,6;6,68;2,81;Negativno;Ne
1287;10,6;-52,7;6,73;2,39;Negativno;Ne
1288;0,8;-55,8;7,38;2,2;Negativno;Ne
1289;7,2;-39,8;7,69;4,86;Negativno;Ne
1290;2,9;-27,0;6,28;1,6;Negativno;Ne
1291;13,2;-49,5;6,56;3,67;Negativno;Ne
1292;11,6;-61,4;6,39;0,52;Negativno;Ne
1293;12,0;-65,3;6,92;3,43;Negativno;Ne
1294;10,6;-58,1;6,94;3,57;Negativno;Ne
1295;2,3;-33,4;6,82;5,6;Negativno;Ne
1296;4,7;-42,2;6,52;1,45;Negativno;Ne
1297;6,7;-54,1;6,06;4,49;Negativno;Ne
1298;10,8;-62,7;7,17;2,82;Negativno;Ne
1299;9,6;-39,6;6,64;1,37;Pozitivno;Ne
1300;4,9;-53,3;5,91;0,87;Negativno;Ne
1301;6,3;-27,5;7,45;4,66;Negativno;Ne
1302;11,4;-47,4;7,39;2,56;Negativno;Ne
1303;10,8;-43,1;6,41;2,47;Negativno;Ne
1304;6,8;-55,3;6,4;0,98;Negativno;Ne
1305;13,9;-47,0;6,73;2,73;Negativno;Ne
1306;5,7;-35,5;6,97;5,77;Negativno;Da
1307;5,5;-46,0;7,32;4,5;Negativno;Ne
1308;11,7;-48,7;7,48;4,2;Negativno;Ne
1309;9,3;-38,1;6,79;2,25;Negativno;Ne
1310;6,5;-35,6;6,79;0,36;Negativno;Ne
1311;10,1;-54,8;6,79;2,33;Negativno;Ne
1312;2,3;-48,9;6,57;3,87;Negativno;Ne
1313;2,5;-25,6;7,46;5,0;Negativno;Ne
1314;8,3;-26,8;6,98;5,43;Negativno;Ne
1315;3,1;-42,1;7,1;3,48;Pozitivno;Ne
1316;14,6;-77,4;6,9;3,06;Negativno;Ne
1317;3,1;-39,1;6,18;2,92;Negativno;Ne
1318;6,4;-49,6;6,99;4,09;Negativno;Ne
1319;14,2;-52,8;7,76;5,24;Negativno;Ne
1320;12,6;-60,0;6,92;1,23;Negativno;Ne
1321;11,5;-38,5;7,49;3,62;Negativno;Ne
1322;0,7;-47,1;7,05;5,61;Negativno;Da
1323;8,4;-67,0;6,6;2,37;Negativno;Ne
1324;4,4;-42,0;6,61;2,34;Negativno;Ne
1325;9,3;-46,4;7,22;0,72;Negativno;Ne
1326;12,5;-59,8;6,41;2,14;Negativno;Ne
1327;14,3;-36,0;6,42;5,18;Negativno;Ne
1328;11,2;-18,3;8,09;9,806222572117154;Pozitivno;Da
1329;0,3;-77,9;7,4;2,26;Negativno;Ne
1330;4,1;-34,9;6,32;2,71;Negativno;Ne
1331;2,9;-69,4;7,27;5,02;Negativno;Ne
1332;2,4;-61,3;6,67;1,7;Pozitivno;Ne
1333;8,5;-29,1;6,73;1,61;Negativno;Ne
1334;10,8;-24,6;6,99;2,75;Negativno;Ne
1335;6,5;-38,1;7,22;3,89;Negativno;Ne
1336;9,2;-58,6;6,03;0,44;Negativno;Ne
1337;9,8;-36,4;7,12;5,59;Negativno;Ne
1338;6,3;-25,8;6,04;1,95;Negativno;Ne
1339;11,4;-40,5;6,52;5,41;Negativno;Ne
1340;13,5;-52,3;6,82;2,04;Negativno;Ne
1341;3,7;-46,7;7,06;3,68;Negativno;Ne
1342;11,8;-32,2;6,99;4,07;Negativno;Ne
1343;5,1;-64,4;6,55;4,91;Negativno;Ne
1344;11,4;-5,3;7,2;4,656654272973977;Pozitivno;Da
1345;5,4;-57,8;7,65;5,79;Negativno;Ne
1346;8,9;-27,2;7,37;0,35;Negativno;Ne
1347;14,0;-35,7;7,01;1,8;Negativno;Ne
1348;0,8;-56,7;7,73;4,97;Negativno;Ne
1349;9,0;-37,7;7,01;5,05;Negativno;Ne
1350;12,0;-54,3;6,5;4,96;Negativno;Ne
1351;8,6;-41,1;6,6;0,26;Negativno;Ne
1352;14,2;-51,1;6,73;5,27;Negativno;Ne
1353;2,3;-33,1;6,54;5,79;Negativno;Ne
1354;14,9;-60,8;6,77;4,5;Negativno;Ne
1355;0,7;-58,0;6,59;5,68;Negativno;Ne
1356;13,7;-77,3;6,9;5,27;Pozitivno;Ne
1357;13,7;-34,7;7,19;5,66;Negativno;Ne
1358;13,3;-53,3;7,13;5,12;Negativno;Ne
1359;6,3;-17,5;6,62;4,661593338266596;Pozitivno;Da
1360;13,0;-41,2;6,64;3,64;Negativno;Ne
1361;1,7;-61,5;6,66;2,55;Negativno;Ne
1362;5,2;-59,1;7,32;0,66;Negativno;Ne
1363;12,0;-3,6;6,72;0,25;Negativno;Ne
1364;8,4;-52,8;6,78;5,86;Negativno;Ne
1365;10,3;-81,8;7,39;3,95;Pozitivno;Ne
1366;7,5;-32,2;6,33;0,88;Negativno;Ne
1367;8,0;-24,3;7,24;0,52;Negativno;Ne
1368;11,5;-83,8;6,68;1,0;Negativno;Ne
1369;11,8;-32,1;6,8;2,69;Negativno;Ne
1370;14,9;-43,9;7,41;1,33;Pozitivno;Ne
1371;0,2;-34,1;6,73;4,45;Negativno;Ne
1372;12,8;-53,9;6,61;2,34;Negativno;Ne
1373;4,3;-40,6;7,2;3,51;Pozitivno;Ne
1374;4,2;-64,6;6,68;3,08;Negativno;Ne
1375;1,7;-30,5;7,29;0,7;Negativno;Ne
1376;1,8;-25,7;6,5;5,03;Negativno;Ne
1377;2,9;-46,2;6,79;1,35;Negativno;Ne
1378;6,3;-37,0;6,46;3,63;Negativno;Ne
1379;10,6;-53,3;6,74;2,83;Negativno;Da
1380;12,2;-37,4;6,84;4,52;Negativno;Ne
1381;12,3;-46,9;7,0;4,09;Negativno;Ne
1382;14,3;-51,1;7,6;5,18;Negativno;Ne
1383;5,3;-39,5;6,34;4,46;Negativno;Ne
1384;9,3;-61,3;7,09;2,2;Negativno;Ne
1385;10,3;-47,1;6,44;5,6;Negativno;Ne
1386;6,5;-56,0;6,16;2,09;Negativno;Ne
1387;10,6;-82,7;7,64;1,17;Negativno;Ne
1388;5,2;-39,7;7,23;0,19;Negativno;Ne
1389;12,7;-53,5;6,99;2,93;Negativno;Ne
1390;7,5;-72,0;6,06;3,36;Negativno;Ne
1391;6,1;-33,2;7,33;3,0;Negativno;Ne
1392;12,2;-63,7;6,69;4,02;Negativno;Ne
1393;8,1;-46,3;6,91;0,76;Negativno;Ne
1394;5,0;-40,5;7,31;4,22;Negativno;Ne
1395;14,5;-58,3;7,35;2,81;Negativno;Ne
1396;5,0;-66,9;8,51;0,44;Negativno;Ne
1397;11,0;-56,4;7,53;2,6;Negativno;Ne
1398;12,8;-32,7;7,45;2,04;Negativno;Ne
1399;13,5;-27,6;7,12;0,21;Negativno;Ne
1400;5,3;-13,0;6,79;7,901593338266595;Pozitivno;Da
1401;13,7;-25,0;6,5;3,17;Negativno;Ne
1402;1,3;-59,0;7,41;5,35;Negativno;Ne
1403;13,6;-52,0;7,39;2,83;Negativno;Ne
1404;14,8;-48,6;7,32;0,4;Pozitivno;Ne
1405;14,1;-33,3;7,22;1,21;Negativno;Ne
1406;10,9;-22,8;6,89;2,58;Pozitivno;Ne
1407;9,2;-54,9;7,84;5,05;Negativno;Ne
1408;4,8;-47,6;6,8;2,95;Negativno;Ne
1409;6,5;-60,8;7,37;4,85;Pozitivno;Ne
1410;3,9;-62,7;6,87;2,72;Negativno;Ne
1411;9,3;-48,5;6,7;4,67;Negativno;Da
1412;8,7;-75,4;6,96;4,35;Negativno;Da
1413;11,6;-14,9;7,21;10,596222572117153;Pozitivno;Da
1414;8,1;-34,6;7,39;3,47;Negativno;Ne
1415;13,1;-62,3;6,85;2,54;Negativno;Ne
1416;0,9;-51,1;7,31;5,13;Negativno;Ne
1417;1,9;-43,6;6,62;4,28;Negativno;Ne
1418;4,8;-50,0;7,36;1,69;Negativno;Ne
1419;12,4;-57,9;6,91;5,36;Negativno;Ne
1420;7,2;-51,8;6,79;0,18;Negativno;Da
1421;5,0;-67,8;7,0;0,13;Negativno;Ne
1422;7,3;-38,0;7,84;3,33;Negativno;Ne
1423;10,2;-59,5;6,66;5,11;Negativno;Ne
1424;14,3;-44,9;7,73;3,55;Negativno;Ne
1425;2,7;-61,2;7,54;2,46;Negativno;Ne
1426;13,7;-28,2;6,56;3,64;Negativno;Ne
1427;13,6;-87,4;6,3;5,64;Negativno;Ne
1428;13,9;-60,4;6,39;5,09;Negativno;Da
1429;10,9;-40,7;6,64;2,14;Negativno;Ne
1430;9,5;-41,0;7,13;0,16;Negativno;Ne
1431;5,6;-39,8;5,84;3,69;Pozitivno;Ne
1432;2,5;-73,7;6,54;1,38;Negativno;Ne
1433;5,9;-58,3;7,23;2,65;Negativno;Ne
1434;1,1;-46,4;6,35;1,67;Negativno;Ne
1435;7,7;-83,9;6,79;2,79;Negativno;Ne
1436;0,8;-55,0;7,12;2,39;Negativno;Ne
1437;13,2;-15,1;6,96;10,161593338266595;Pozitivno;Da
1438;13,7;-47,0;7,52;3,91;Negativno;Ne
1439;5,9;-56,9;6,72;1,82;Pozitivno;Ne
1440;3,0;-29,1;6,48;1,61;Negativno;Ne
1441;6,9;-24,5;6,49;5,65;Negativno;Ne
1442;4,8;-69,3;6,53;2,07;Negativno;Ne
1443;4,5;-74,3;7,3;4,55;Negativno;Ne
1444;14,8;-53,8;7,58;4,73;Negativno;Ne
1445;7,8;-58,4;7,49;3,29;Negativno;Ne
1446;3,2;-40,0;6,28;0,79;Negativno;Da
1447;6,0;-1,2;6,84;1,31;Pozitivno;Ne
1448;14,5;-44,8;6,89;0,98;Negativno;Ne
1449;1,4;-31,8;6,93;4,97;Negativno;Ne
1450;3,5;-58,2;6,96;4,73;Negativno;Ne
1451;3,2;-49,9;6,88;1,07;Negativno;Ne
1452;2,2;-41,4;6,47;5,25;Negativno;Ne
1453;3,1;-38,0;7,59;2,61;Negativno;Ne
1454;4,0;-71,9;7,01;2,11;Negativno;Ne
1455;8,1;-64,4;6,29;4,49;Negativno;Ne
1456;6,6;-60,1;6,66;5,5;Negativno;Ne
1457;9,6;-49,9;6,87;2,92;Pozitivno;Ne
1458;11,4;-55,2;7,41;4,59;Negativno;Ne
1459;10,0;-5,8;6,07;0,72;Negativno;Ne
1460;10,1;-61,7;6,73;4,03;Negativno;Ne
1461;4,2;-71,4;7,18;2,88;Negativno;Ne
1462;11,4;-62,0;6,23;1,23;Negativno;Ne
1463;14,7;-37,2;7,93;2,77;Negativno;Ne
1464;12,0;-38,9;7,12;1,71;Pozitivno;Ne
1465;5,9;-49,1;6,46;2,74;Negativno;Ne
1466;11,4;-62,6;6,24;3,01;Negativno;Da
1467;7,6;-50,8;7,19;2,37;Negativno;Ne
1468;0,6;-52,3;6,86;1,69;Negativno;Ne
1469;11,6;-51,8;6,89;3,79;Negativno;Ne
1470;10,3;-44,4;6,77;0,41;Negativno;Ne
1471;4,2;-71,6;7,63;1,62;Negativno;Ne
1472;11,6;-56,6;6,87;1,58;Negativno;Ne
1473;8,9;-50,7;7,37;0,36;Negativno;Ne
1474;9,6;-39,0;7,25;5,39;Negativno;Ne
1475;10,2;-54,7;6,99;3,66;Pozitivno;Ne
1476;13,8;-50,3;6,77;2,9;Negativno;Da
1477;5,3;-71,7;6,4;2,4;Negativno;Ne
1478;2,5;-45,4;6,51;1,64;Negativno;Ne
1479;6,9;-24,5;7,85;3,07;Negativno;Ne
1480;5,0;-21,5;6,2;1,93;Negativno;Ne
1481;3,1;-40,4;6,78;4,24;Negativno;Ne
1482;2,1;-32,8;6,98;3,37;Negativno;Ne
1483;14,6;-38,1;7,09;3,36;Pozitivno;Ne
1484;11,8;-42,9;7,19;2,89;Negativno;Ne
1485;14,3;-45,1;7,81;3,25;Negativno;Ne
1486;0,4;-54,6;6,82;4,5;Negativno;Ne
1487;2,6;-46,7;7,61;2,34;Negativno;Ne
1488;9,1;-49,3;6,79;2,33;Pozitivno;Da
1489;12,7;-34,0;7,29;3,6;Negativno;Ne
1490;13,9;-45,8;6,56;2,53;Negativno;Ne
1491;0,5;-47,6;7,03;0,35;Negativno;Ne
1492;4,1;-38,3;6,51;3,4;Negativno;Ne
1493;12,9;-45,1;7,46;5,88;Negativno;Ne
1494;7,0;-53,1;6,87;1,55;Negativno;Ne
1495;10,8;-30,8;7,1;3,4;Negativno;Ne
1496;13,7;-63,3;7,25;0,62;Negativno;Ne
1497;4,4;-32,9;7,63;2,73;Negativno;Ne
1498;12,4;-28,4;7,78;2,0;Negativno;Ne
1499;4,5;-42,4;7,12;0,68;Negativno;Ne
1500;1,7;-56,7;6,88;3,44;Negativno;Ne
1501;2,5;-60,8;7,46;0,48;Negativno;Ne
1502;6,0;-49,1;6,95;3,05;Negativno;Ne
1503;3,1;-37,2;7,38;3,32;Negativno;Ne
1504;1,6;-34,1;6,98;5,7;Negativno;Ne
1505;11,2;-19,3;7,1;2,72;Negativno;Ne
1506;14,5;-54,0;7,79;1,89;Negativno;Ne
1507;6,2;-5,0;6,97;9,041593338266596;Pozitivno;Da
1508;3,4;-56,6;6,19;3,13;Negativno;Ne
1509;10,2;-7,8;6,0;7,3162225721171525;Pozitivno;Da
1510;4,7;-53,4;7,32;3,89;Negativno;Ne
1511;14,2;-59,5;7,26;0,61;Negativno;Ne
1512;12,1;-57,4;7,7;0,43;Negativno;Ne
1513;7,5;-46,8;7,48;1,17;Negativno;Ne
1514;4,2;-22,7;7,25;2,42;Negativno;Ne
1515;5,3;-78,5;6,15;5,6;Negativno;Ne
1516;14,9;-23,1;6,98;4,53;Pozitivno;Ne
1517;11,0;-8,3;7,16;9,011593338266596;Pozitivno;Da
1518;4,5;-46,0;6,93;2,44;Negativno;Ne
1519;8,5;-44,8;7,34;3,18;Negativno;Ne
1520;14,5;-45,3;6,41;5,79;Negativno;Ne
1521;5,6;-24,0;7,06;1,08;Pozitivno;Ne
1522;11,8;-41,8;7,21;5,03;Negativno;Ne
1523;7,1;-36,1;7,71;0,37;Negativno;Ne
1524;13,0;-36,0;6,63;2,42;Negativno;Ne
1525;3,9;-59,7;6,25;3,19;Negativno;Ne
1526;1,5;-46,8;6,02;0,32;Negativno;Ne
1527;10,3;-33,1;7,2;3,44;Pozitivno;Ne
1528;7,9;-28,4;6,34;3,78;Negativno;Ne
1529;4,9;-34,7;6,6;3,62;Negativno;Da
1530;4,2;-63,6;7,25;5,96;Negativno;Ne
1531;8,9;-57,4;6,95;5,14;Negativno;Da
1532;0,2;-70,8;7,78;3,1;Negativno;Ne
1533;6,8;-63,5;6,67;4,53;Negativno;Ne
1534;3,3;-71,7;6,88;1,78;Negativno;Ne
1535;11,3;-41,2;6,3;2,04;Negativno;Ne
1536;2,6;-49,4;7,28;1,43;Negativno;Ne
1537;9,4;-35,4;6,58;1,86;Negativno;Ne
1538;6,2;-31,0;6,73;1,35;Negativno;Ne
1539;11,1;-22,5;6,69;5,8;Negativno;Ne
1540;0,2;-8,6;6,88;4,691593338266596;Pozitivno;Da
1541;4,1;-56,8;6,85;2,08;Negativno;Ne
1542;12,5;-43,8;7,15;2,45;Negativno;Ne
1543;13,5;-44,1;5,96;0,46;Pozitivno;Ne
1544;10,5;-69,1;7,94;4,84;Negativno;Ne
1545;5,7;-42,8;7,32;5,86;Negativno;Ne
1546;7,5;-61,0;7,81;0,71;Negativno;Ne
1547;10,9;-29,9;7,66;2,32;Negativno;Ne
1548;1,0;-45,6;6,57;0,76;Negativno;Ne
1549;1,4;-64,6;7,0;0,3;Negativno;Ne
1550;6,7;-85,6;7,6;3,92;Negativno;Ne
1551;7,4;-44,1;7,25;3,65;Negativno;Ne
1552;6,6;-39,9;6,68;3,09;Negativno;Da
1553;14,6;-48,0;7,24;3,11;Negativno;Ne
1554;14,9;-62,7;6,9;2,46;Negativno;Da
1555;12,3;-69,8;6,55;2,06;Negativno;Ne
1556;12,5;-43,3;7,09;0,24;Negativno;Ne
1557;10,9;-43,9;7,68;2,92;Negativno;Ne
1558;5,9;-36,9;7,41;3,14;Negativno;Ne
1559;6,3;-36,5;7,21;1,49;Negativno;Da
1560;1,9;-79,4;7,01;3,16;Negativno;Ne
1561;12,9;-52,7;6,72;5,03;Negativno;Ne
1562;4,6;-47,6;7,23;1,85;Negativno;Ne
1563;9,7;-27,1;6,86;3,06;Negativno;Da
1564;6,2;-62,5;6,45;3,2;Negativno;Ne
1565;4,4;-14,4;7,17;5,44;Negativno;Ne
1566;9,9;-56,2;7,41;1,95;Negativno;Ne
1567;10,2;-53,2;7,76;1,67;Negativno;Ne
1568;11,0;-67,7;7,25;0,23;Negativno;Ne
1569;9,1;-37,2;6,54;3,08;Negativno;Ne
1570;12,3;-43,8;7,11;1,81;Negativno;Ne
1571;0,2;-53,8;6,93;2,7;Pozitivno;Ne
1572;8,5;-53,7;6,98;3,14;Negativno;Ne
1573;11,2;-52,1;6,66;4,4;Negativno;Ne
1574;10,8;-57,1;6,76;2,69;Negativno;Ne
1575;1,8;-45,5;6,31;1,31;Negativno;Ne
1576;1,4;-43,6;7,56;0,11;Negativno;Ne
1577;14,6;-48,5;6,36;5,1;Negativno;Ne
1578;1,1;-29,8;7,17;1,64;Pozitivno;Ne
1579;4,0;-72,3;6,75;0,87;Negativno;Ne
1580;10,4;-62,3;7,04;2,08;Pozitivno;Da
1581;14,7;-53,7;6,32;0,23;Negativno;Ne
1582;3,7;-37,3;7,5;4,04;Negativno;Ne
1583;10,2;-62,1;6,81;1,62;Negativno;Ne
1584;3,6;-38,2;6,42;5,69;Negativno;Da
1585;2,3;-41,8;7,65;4,48;Negativno;Ne
1586;3,4;-45,7;6,98;1,53;Negativno;Ne
1587;3,0;-39,3;6,34;3,22;Negativno;Ne
1588;8,7;-57,8;6,31;4,38;Negativno;Da
1589;7,8;-61,4;6,5;4,57;Negativno;Ne
1590;11,6;-56,0;6,95;1,25;Negativno;Ne
1591;7,6;-53,9;6,69;2,94;Pozitivno;Ne
1592;2,6;-40,0;6,96;0,46;Negativno;Ne
1593;1,6;-63,3;6,86;0,1;Negativno;Ne
1594;13,5;-34,4;7,66;3,7;Negativno;Ne
1595;14,7;-45,1;6,7;3,79;Negativno;Ne
1596;5,6;-15,4;6,13;7,796222572117152;Pozitivno;Da
1597;8,5;-66,1;6,88;5,4;Negativno;Ne
1598;12,0;-48,5;6,49;5,99;Pozitivno;Ne
1599;4,5;-72,2;5,99;2,98;Negativno;Ne
1600;10,1;-58,1;7,73;4,64;Negativno;Ne
1601;13,1;-33,0;7,37;5,66;Negativno;Ne
1602;5,2;-45,6;6,76;2,28;Negativno;Ne
1603;13,8;-71,8;6,74;0,89;Negativno;Ne
1604;8,4;-54,3;7,09;5,97;Negativno;Ne
1605;11,2;-31,0;7,48;4,41;Negativno;Ne
1606;2,4;-62,1;7,39;0,2;Negativno;Da
1607;14,1;-66,2;7,42;0,55;Negativno;Ne
1608;10,7;-37,9;6,87;1,16;Negativno;Da
1609;7,7;-80,0;6,44;1,64;Negativno;Ne
1610;5,9;-65,8;6,93;4,69;Negativno;Ne
1611;8,2;-54,6;6,09;4,78;Negativno;Ne
1612;13,7;-72,5;7,11;5,26;Negativno;Da
1613;13,7;-61,0;6,64;5,18;Pozitivno;Ne
1614;2,2;-68,0;6,95;3,67;Negativno;Ne
1615;5,5;-59,2;6,77;4,47;Negativno;Ne
1616;6,8;-54,6;6,85;5,64;Negativno;Ne
1617;7,2;-65,9;6,86;5,2;Negativno;Ne
1618;1,4;-57,1;7,13;4,65;Negativno;Ne
1619;1,3;-52,6;6,49;0,79;Negativno;Ne
1620;4,2;-62,6;7,17;4,14;Negativno;Ne
1621;14,4;-64,0;7,34;1,92;Negativno;Ne
1622;3,7;-64,5;7,24;5,27;Negativno;Ne
1623;1,7;-19,3;7,4;8,241593338266597;Pozitivno;Da
1624;9,5;-18,6;8,15;4,96;Negativno;Ne
1625;1,6;-72,3;6,13;4,35;Negativno;Ne
1626;1,2;-41,5;7,78;0,11;Negativno;Ne
1627;1,3;-69,7;7,26;2,73;Negativno;Ne
1628;8,0;-45,8;7,69;1,14;Negativno;Ne
1629;7,8;-82,7;7,24;1,42;Negativno;Ne
1630;6,4;-36,6;6,31;5,19;Negativno;Ne
1631;12,7;-15,8;6,48;2,4;Negativno;Ne
1632;6,6;-61,3;6,76;4,98;Negativno;Ne
1633;8,5;-47,6;6,77;2,28;Negativno;Ne
1634;10,8;-46,9;7,19;3,83;Negativno;Ne
1635;1,6;-69,7;7,2;0,25;Negativno;Ne
1636;0,5;-55,2;6,2;4,13;Negativno;Ne
1637;2,5;-39,1;6,32;3,72;Negativno;Ne
1638;7,8;150,0;-2,0;4,91;Pozitivno;Ne
1639;2,1;-74,5;6,67;4,64;Negativno;Ne
1640;8,0;-49,2;7,51;2,5;Negativno;Ne
1641;7,3;-32,7;7,53;5,59;Negativno;Ne
1642;1,4;-55,2;7,19;4,6;Negativno;Ne
1643;11,1;-34,3;6,72;1,96;Negativno;Ne
1644;5,8;-32,7;7,65;5,76;Negativno;Ne
1645;9,5;-40,6;6,91;1,0;Negativno;Ne
1646;7,5;-48,3;6,62;0,83;Negativno;Da
1647;2,7;-76,5;7,19;3,91;Negativno;Ne
1648;8,0;-36,7;6,65;4,96;Negativno;Ne
1649;1,7;-78,2;7,46;2,42;Negativno;Ne
1650;7,6;-40,2;7,0;2,65;Negativno;Da
1651;11,7;-46,6;6,45;2,97;Negativno;Ne
1652;8,9;-22,1;7,88;0,3;Negativno;Ne
1653;2,5;-55,6;6,61;0,18;Negativno;Ne
1654;0,9;-62,9;6,91;4,57;Negativno;Ne
1655;9,5;-51,4;7,23;2,06;Negativno;Ne
1656;12,3;-28,6;7,09;1,79;Negativno;Ne
1657;0,3;-5,3;6,65;7,936654272973977;Pozitivno;Da
1658;6,0;-52,4;6,98;3,05;Negativno;Ne
1659;7,3;-63,8;6,85;3,72;Negativno;Ne
1660;6,1;-56,8;7,89;2,52;Negativno;Ne
1661;7,1;-50,4;6,48;1,68;Negativno;Ne
1662;5,8;-35,8;6,95;4,65;Negativno;Da
1663;13,2;-50,3;8,1;1,68;Negativno;Ne
1664;7,4;-51,7;7,38;5,14;Negativno;Ne
1665;13,5;-35,3;5,84;1,02;Negativno;Ne
1666;9,0;-36,2;7,23;2,66;Negativno;Ne
1667;6,6;-26,7;7,24;2,37;Negativno;Ne
1668;8,0;-46,3;6,4;5,46;Negativno;Ne
1669;6,6;-41,8;6,98;4,75;Negativno;Ne
1670;12,7;-33,4;6,31;4,63;Negativno;Ne
1671;8,0;-45,8;6,65;5,36;Negativno;Da
1672;5,6;-72,5;6,54;2,63;Negativno;Ne
1673;0,8;-30,6;6,78;1,71;Pozitivno;Ne
1674;2,7;-60,8;7,18;3,03;Negativno;Ne
1675;13,0;-25,4;7,35;3,87;Negativno;Ne
1676;5,9;-67,6;7,3;5,69;Negativno;Ne
1677;3,3;-46,1;6,61;1,93;Negativno;Ne
1678;10,2;-39,7;7,99;1,75;Negativno;Ne
1679;11,7;-46,6;7,74;2,44;Negativno;Ne
1680;1,6;-67,1;7,82;0,19;Negativno;Ne
1681;12,0;-73,9;7,18;2,43;Negativno;Ne
1682;0,9;-39,8;7,56;2,98;Negativno;Ne
1683;5,5;-61,5;7,65;2,01;Negativno;Ne
1684;0,7;-56,8;6,81;3,54;Negativno;Ne
1685;12,7;-46,6;7,7;2,27;Negativno;Ne
1686;8,2;-61,9;7,12;0,25;Negativno;Ne
1687;6,9;-44,3;6,52;2,6;Pozitivno;Ne
1688;9,0;-42,0;6,72;3,8;Negativno;Ne
1689;10,7;-42,5;7,37;4,27;Negativno;Ne
1690;1,5;-50,4;7,51;4,12;Negativno;Ne
1691;2,2;-38,7;6,78;2,9;Negativno;Ne
1692;6,1;-53,7;6,67;4,2;Negativno;Ne
1693;12,9;-36,0;7,31;3,21;Negativno;Ne
1694;0,4;-32,6;6,96;0,34;Negativno;Ne
1695;4,6;-49,5;6,85;0,68;Negativno;Ne
1696;8,7;-57,0;7,49;0,66;Negativno;Ne
1697;11,5;-56,6;6,3;5,15;Pozitivno;Ne
1698;5,5;-48,2;6,73;5,64;Negativno;Ne
1699;3,1;-67,6;7,58;3,27;Negativno;Ne
1700;0,1;-65,5;6,95;2,98;Negativno;Ne
1701;2,0;-73,1;6,51;4,68;Negativno;Ne
1702;12,1;-39,7;6,64;5,11;Negativno;Ne
1703;1,4;-40,0;6,81;1,72;Negativno;Ne
1704;9,1;-44,9;7,52;1,73;Negativno;Ne
1705;2,8;-38,5;7,14;5,15;Negativno;Ne
1706;11,9;-40,8;6,38;4,52;Negativno;Ne
1707;9,0;-49,6;6,8;2,85;Negativno;Ne
1708;11,4;-57,1;6,69;1,37;Pozitivno;Ne
1709;10,9;-63,5;6,78;4,49;Negativno;Ne
1710;11,3;-40,1;7,32;0,44;Negativno;Ne
1711;4,5;-50,4;6,74;5,69;Pozitivno;Ne
1712;3,0;-41,4;7,29;2,34;Negativno;Ne
1713;0,7;-53,6;7,23;4,19;Negativno;Ne
1714;2,5;-65,6;7,17;5,32;Negativno;Ne
1715;5,3;-43,0;7,75;2,6;Negativno;Ne
1716;10,4;-36,0;7,66;5,43;Negativno;Ne
1717;10,1;-52,1;7,03;4,33;Negativno;Ne
1718;13,4;-48,5;7,82;1,29;Negativno;Ne
1719;12,7;-34,5;6,91;1,83;Negativno;Ne
1720;3,7;-41,9;6,79;1,15;Negativno;Ne
1721;9,2;-54,8;7,55;3,5;Negativno;Ne
1722;7,1;-42,3;5,95;1,04;Negativno;Ne
1723;4,6;-9,2;7,29;8,241593338266597;Pozitivno;Da
1724;9,1;-52,5;7,08;2,93;Negativno;Da
1725;13,3;-36,0;6,96;0,42;Negativno;Ne
1726;3,0;-64,9;6,64;4,33;Negativno;Ne
1727;0,4;-57,7;6,17;3,09;Negativno;Ne
1728;0,7;-65,3;7,62;2,95;Negativno;Ne
1729;5,9;-50,0;7,07;2,65;Negativno;Ne
1730;6,7;-41,9;6,35;2,23;Negativno;Ne
1731;2,9;-81,2;7,05;3,9;Negativno;Ne
1732;14,0;-54,6;6,81;1,63;Negativno;Ne
1733;12,0;-47,3;6,4;3,53;Negativno;Ne
1734;4,7;-35,9;6,77;1,02;Negativno;Ne
1735;9,9;-36,6;6,78;1,83;Negativno;Ne
1736;13,7;-71,4;7,84;1,88;Negativno;Ne
1737;13,5;-60,0;7,64;2,63;Negativno;Ne
1738;1,4;-20,3;7,36;1,91;Pozitivno;Da
1739;0,8;-56,8;7,06;0,76;Negativno;Ne
1740;12,2;-32,0;7,81;2,7;Pozitivno;Ne
1741;13,3;-51,3;7,12;2,96;Negativno;Ne
1742;2,6;-36,5;6,67;5,76;Negativno;Ne
1743;6,4;-71,1;7,49;2,62;Negativno;Ne
1744;9,8;-39,1;6,32;3,11;Negativno;Ne
1745;15,0;-31,5;6,37;5,56;Negativno;Ne
1746;4,4;-61,9;6,63;1,03;Negativno;Ne
1747;9,0;-66,4;7,09;4,69;Negativno;Ne
1748;11,4;-39,9;6,44;4,18;Negativno;Ne
1749;5,8;-57,1;7,38;0,26;Negativno;Ne
1750;11,1;-54,0;7,39;3,76;Pozitivno;Ne
1751;6,5;-81,5;6,87;3,89;Negativno;Ne
1752;8,5;-37,5;6,98;5,22;Negativno;Ne
1753;6,2;-43,5;6,56;1,65;Negativno;Ne
1754;7,6;-45,0;7,15;2,31;Pozitivno;Ne
1755;6,6;-15,7;7,13;1,17;Negativno;Ne
1756;12,5;-70,6;7,42;4,9;Negativno;Ne
1757;5,8;-36,6;7,08;1,69;Negativno;Ne
1758;13,9;-39,2;6,29;2,36;Negativno;Ne
1759;11,0;-41,7;7,12;4,72;Pozitivno;Ne
1760;0,9;-49,4;6,07;1,36;Negativno;Ne
1761;13,3;-75,0;7,05;0,55;Negativno;Ne
1762;4,4;-69,6;7,77;3,17;Negativno;Ne
1763;12,6;-48,2;6,91;5,33;Negativno;Ne
1764;5,1;-47,1;6,77;4,29;Negativno;Ne
1765;0,9;-73,8;7,39;5,59;Negativno;Ne
1766;8,6;-55,1;6,67;5,02;Negativno;Ne
1767;0,3;-60,6;7,42;3,42;Negativno;Ne
1768;2,5;150,0;-2,0;2,66;Pozitivno;Ne
1769;0,3;-39,7;5,6;3,0;Negativno;Ne
1770;5,2;-69,6;8,3;1,24;Negativno;Ne
1771;2,4;-44,3;7,38;0,6;Negativno;Da
1772;7,0;-9,4;5,43;9,101593338266596;Pozitivno;Da
1773;7,3;-32,4;7,63;0,52;Negativno;Ne
1774;7,8;-23,0;7,81;0,6;Negativno;Ne
1775;14,6;-46,1;7,93;4,13;Negativno;Ne
1776;1,7;-56,5;7,21;2,84;Pozitivno;Ne
1777;4,2;-49,2;7,66;4,12;Negativno;Ne
1778;14,7;-44,2;6,48;5,85;Negativno;Ne
1779;12,3;-58,8;7,05;0,69;Negativno;Ne
1780;0,7;-42,5;6,09;5,05;Negativno;Ne
1781;13,9;-46,5;6,46;0,24;Negativno;Ne
1782;10,4;-23,5;6,96;1,17;Negativno;Ne
1783;11,6;-68,3;7,31;3,15;Negativno;Ne
1784;1,0;-43,2;7,35;4,3;Negativno;Ne
1785;1,2;-39,8;7,23;0,18;Negativno;Ne
1786;5,0;-20,6;6,46;3,59;Pozitivno;Ne
1787;5,7;-46,9;6,89;5,06;Negativno;Ne
1788;4,9;-58,4;7,28;0,23;Negativno;Ne
1789;5,7;-44,0;7,95;3,23;Negativno;Da
1790;8,8;-43,7;7,92;1,41;Negativno;Ne
1791;3,2;-57,9;6,24;0,85;Negativno;Ne
1792;3,8;-65,3;6,62;2,97;Negativno;Da
1793;2,7;-93,3;5,84;1,49;Negativno;Ne
1794;7,7;-58,5;6,68;2,08;Negativno;Ne
1795;6,5;-42,2;7,7;4,62;Negativno;Ne
1796;13,6;-67,1;7,19;0,24;Negativno;Ne
1797;4,9;-49,7;7,09;3,49;Negativno;Ne
1798;0,9;-60,7;8,07;4,85;Pozitivno;Ne
1799;6,0;-52,1;7,03;0,92;Negativno;Ne
1800;13,5;-34,9;7,43;2,9;Negativno;Ne
1801;15,0;-48,6;6,3;3,06;Negativno;Ne
1802;9,5;-43,9;6,84;3,08;Negativno;Ne
1803;11,9;-37,0;7,15;4,48;Negativno;Ne
1804;3,1;-59,6;7,8;0,59;Negativno;Ne
1805;15,0;-54,7;6,93;4,7;Negativno;Ne
1806;2,5;-62,7;7,51;0,13;Negativno;Ne
1807;5,2;-28,2;6,61;1,19;Negativno;Ne
1808;11,5;-40,5;6,68;2,6;Negativno;Ne
1809;9,5;-62,5;7,13;3,38;Negativno;Ne
1810;9,4;-75,0;5,76;3,34;Negativno;Ne
1811;1,0;-32,5;6,58;1,02;Negativno;Ne
1812;9,1;-65,3;6,46;0,47;Negativno;Da
1813;7,3;-76,2;7,62;5,76;Negativno;Ne
1814;2,0;-57,6;7,36;5,92;Pozitivno;Ne
1815;6,5;-11,5;7,73;5,731593338266595;Pozitivno;Da
1816;1,8;-31,9;6,5;0,39;Negativno;Ne
1817;5,8;-55,6;7,57;0,74;Negativno;Ne
1818;6,1;-45,0;7,58;3,61;Negativno;Ne
1819;14,2;-19,8;6,9;0,9;Negativno;Ne
1820;14,3;-65,1;6,4;2,64;Pozitivno;Ne
1821;2,3;-62,2;6,68;0,89;Negativno;Ne
1822;5,5;-53,5;6,7;0,54;Negativno;Ne
1823;10,5;-63,8;6,92;0,45;Negativno;Ne
1824;1,6;-78,0;6,21;2,35;Negativno;Ne
1825;7,4;-42,3;6,46;4,07;Negativno;Ne
1826;12,4;-9,2;7,21;9,176222572117153;Pozitivno;Da
1827;13,3;-59,4;7,58;2,1;Negativno;Ne
1828;13,5;-33,5;6,75;3,17;Pozitivno;Ne
1829;1,4;-46,1;6,98;4,58;Negativno;Ne
1830;2,5;-57,9;7,27;5,78;Negativno;Ne
1831;1,4;-52,3;7,62;5,0;Negativno;Ne
1832;2,5;-51,8;6,98;3,69;Negativno;Ne
1833;8,4;-41,0;7,19;3,1;Negativno;Ne
1834;11,7;-74,9;6,95;1,86;Negativno;Ne
1835;14,1;-59,1;7,6;0,94;Negativno;Ne
1836;8,3;-36,2;8,19;0,56;Negativno;Ne
1837;8,7;-53,1;7,94;5,59;Negativno;Ne
1838;5,4;-28,6;6,62;5,19;Negativno;Ne
1839;7,7;-30,6;6,75;1,85;Negativno;Ne
1840;14,1;-43,2;6,81;4,24;Negativno;Ne
1841;14,6;-61,1;7,62;4,85;Negativno;Ne
1842;7,1;-23,4;6,16;5,5;Negativno;Ne
1843;12,3;-43,8;7,04;5,12;Pozitivno;Ne
1844;7,6;-43,9;6,73;5,34;Negativno;Ne
1845;7,6;-60,7;7,21;2,16;Negativno;Ne
1846;1,9;-73,3;7,74;3,71;Negativno;Ne
1847;6,9;-49,5;6,6;0,41;Negativno;Ne
1848;2,1;-91,5;6,83;2,93;Pozitivno;Ne
1849;2,0;-20,8;6,46;5,17;Negativno;Da
1850;3,5;-68,4;6,44;3,08;Negativno;Ne
1851;10,0;-67,8;7,3;4,52;Negativno;Ne
1852;8,3;-10,1;6,84;9,481593338266595;Pozitivno;Da
1853;3,0;-49,6;7,23;4,95;Negativno;Ne
1854;2,4;-41,9;6,08;3,33;Negativno;Ne
1855;6,1;-44,5;5,88;0,2;Negativno;Ne
1856;7,7;-11,1;7,96;6,571593338266595;Pozitivno;Da
1857;3,6;-17,9;7,23;6,691593338266596;Pozitivno;Da
1858;10,1;-49,6;8,18;4,05;Pozitivno;Ne
1859;3,6;-68,7;6,71;0,68;Negativno;Ne
1860;6,1;-42,9;7,0;2,02;Negativno;Ne
1861;14,2;-63,5;6,84;0,83;Negativno;Ne
1862;14,3;-33,1;7,38;2,7;Negativno;Ne
1863;5,3;-58,0;7,05;0,32;Negativno;Da
1864;13,8;-60,1;8,13;2,72;Negativno;Ne
1865;7,0;-68,6;6,75;2,24;Negativno;Ne
1866;12,0;-71,1;6,49;1,88;Negativno;Ne
1867;14,5;-32,5;7,38;3,84;Negativno;Ne
1868;8,8;-67,1;7,74;1,09;Negativno;Ne
1869;14,4;-30,4;6,87;4,19;Negativno;Ne
1870;6,2;-64,5;7,12;3,66;Negativno;Ne
1871;6,9;-66,9;6,96;0,69;Negativno;Ne
1872;8,6;-43,3;6,56;1,97;Negativno;Ne
1873;8,5;-62,7;7,25;2,44;Negativno;Ne
1874;13,2;-62,6;6,66;4,86;Negativno;Ne
1875;14,3;-20,9;6,62;1,09;Negativno;Ne
1876;3,7;-58,3;6,92;1,76;Negativno;Ne
1877;8,0;-44,6;7,81;1,37;Negativno;Ne
1878;11,6;-42,2;6,72;3,76;Negativno;Ne
1879;13,6;-40,5;7,67;5,71;Negativno;Ne
1880;2,5;-56,3;6,37;1,47;Negativno;Ne
1881;13,8;-78,1;7,41;3,97;Negativno;Ne
1882;13,8;-69,9;6,36;0,42;Pozitivno;Ne
1883;7,6;-54,9;7,72;5,2;Negativno;Ne
1884;7,5;-67,1;7,43;1,85;Negativno;Ne
1885;0,2;-54,5;8,1;0,5;Negativno;Ne
1886;7,4;-31,2;7,34;3,49;Negativno;Ne
1887;3,2;-57,3;7,2;4,4;Negativno;Ne
1888;3,7;-31,1;5,77;5,7;Pozitivno;Da
1889;5,7;-66,5;6,34;2,91;Negativno;Ne
1890;12,6;-23,4;6,36;1,93;Pozitivno;Ne
1891;11,3;-37,5;7,23;5,67;Negativno;Ne
1892;7,5;-23,2;6,93;4,16;Pozitivno;Ne
1893;4,2;-40,9;7,42;3,76;Negativno;Ne
1894;7,9;-45,1;7,18;2,66;Negativno;Ne
1895;13,6;-36,4;7,28;0,44;Negativno;Ne
1896;10,7;-68,0;7,54;1,55;Negativno;Ne
1897;14,8;-50,2;6,36;0,16;Negativno;Ne
1898;2,0;-67,9;7,29;5,25;Negativno;Ne
1899;7,9;-27,4;6,97;0,69;Negativno;Da
1900;3,7;-34,2;7,05;2,36;Negativno;Ne
1901;6,1;-42,1;7,11;3,67;Negativno;Ne
1902;1,1;-36,6;7,29;4,14;Negativno;Ne
1903;7,5;-56,8;5,94;5,3;Negativno;Ne
1904;14,3;-70,8;7,35;4,51;Negativno;Ne
1905;5,8;-53,8;6,8;5,77;Pozitivno;Ne
1906;8,9;-63,4;7,28;4,21;Negativno;Ne
1907;0,5;-53,9;7,18;2,58;Negativno;Ne
1908;11,9;-31,0;7,07;4,04;Negativno;Ne
1909;5,6;-55,2;7,09;3,85;Pozitivno;Ne
1910;1,4;-35,7;7,34;2,54;Negativno;Ne
1911;3,1;-33,6;5,9;2,27;Negativno;Ne
1912;9,1;-67,6;7,17;0,46;Negativno;Ne
1913;0,7;-35,9;7,75;3,24;Negativno;Ne
1914;13,3;-61,3;7,23;0,17;Negativno;Ne
1915;13,1;-55,8;7,0;3,48;Pozitivno;Ne
1916;13,7;-45,9;7,51;5,38;Negativno;Ne
1917;14,6;-54,9;8,16;0,76;Negativno;Ne
1918;1,7;-40,8;6,78;1,0;Negativno;Ne
1919;9,9;-39,1;6,98;5,86;Negativno;Ne
1920;6,5;-63,4;7,78;3,46;Negativno;Ne
1921;2,7;-61,4;7,18;0,25;Negativno;Ne
1922;12,5;-65,1;6,81;2,21;Negativno;Ne
1923;6,6;-46,0;7,87;0,97;Negativno;Ne
1924;13,0;-62,6;7,24;1,36;Negativno;Ne
1925;2,7;-22,1;6,59;2,08;Pozitivno;Ne
1926;0,9;-62,5;6,98;2,19;Negativno;Ne
1927;2,2;-40,1;8,26;4,6;Negativno;Ne
1928;0,5;-47,4;6,7;3,3;Negativno;Ne
1929;4,5;-29,3;6,35;2,59;Negativno;Ne
1930;5,0;-52,2;6,72;5,94;Negativno;Ne
1931;6,1;-64,0;7,66;0,13;Negativno;Ne
1932;0,1;-40,3;6,73;3,8;Negativno;Ne
1933;10,6;150,0;-2,0;0,56;Pozitivno;Ne
1934;12,6;-88,1;6,07;3,49;Negativno;Ne
1935;0,5;-79,9;7,04;2,39;Negativno;Ne
1936;0,8;-41,3;7,26;0,55;Pozitivno;Ne
1937;11,6;-23,7;7,01;2,17;Negativno;Ne
1938;0,3;-50,5;6,88;0,74;Negativno;Ne
1939;14,6;-23,3;6,82;1,62;Negativno;Ne
1940;13,7;-41,5;6,83;0,88;Negativno;Ne
1941;14,4;-58,7;6,62;4,52;Negativno;Ne
1942;11,5;-14,5;6,87;6,326222572117152;Pozitivno;Da
1943;1,7;-31,4;7,14;3,16;Negativno;Ne
1944;9,8;-48,4;6,76;3,16;Negativno;Ne
1945;10,6;-42,1;6,82;4,01;Negativno;Ne
1946;5,8;-61,8;7,03;1,26;Negativno;Ne
1947;13,7;-40,5;6,73;1,62;Negativno;Ne
1948;6,6;-81,0;6,95;3,17;Negativno;Ne
1949;14,2;-55,9;6,71;4,02;Negativno;Ne
1950;8,5;-49,0;6,74;1,9;Negativno;Ne
1951;9,0;-43,2;7,28;4,81;Negativno;Ne
1952;3,6;-47,3;6,62;0,13;Negativno;Ne
1953;14,2;-51,5;6,09;0,27;Negativno;Ne
1954;8,8;-86,5;7,08;3,75;Negativno;Ne
1955;4,3;-47,0;7,63;5,02;Negativno;Da
1956;8,2;-57,8;6,66;4,27;Negativno;Ne
1957;0,3;-35,9;7,22;5,93;Negativno;Ne
1958;10,8;-37,2;6,95;5,15;Pozitivno;Ne
1959;1,8;-60,1;6,94;4,86;Pozitivno;Ne
1960;9,0;-66,6;6,68;5,66;Negativno;Ne
1961;7,0;-41,2;6,46;4,52;Negativno;Ne
1962;4,0;-29,3;7,08;4,81;Negativno;Ne
1963;6,6;-45,5;7,22;3,09;Negativno;Ne
1964;7,6;-38,2;7,03;0,29;Negativno;Ne
1965;8,6;-64,1;6,68;3,69;Negativno;Ne
1966;8,7;-43,1;6,75;2,76;Pozitivno;Ne
1967;9,2;-8,5;7,12;5,606222572117153;Pozitivno;Da
1968;8,5;-20,0;7,53;2,51;Negativno;Ne
1969;9,3;-42,2;6,67;0,62;Negativno;Ne
1970;5,6;-37,6;7,05;2,76;Negativno;Ne
1971;2,7;-42,5;6,4;2,26;Negativno;Ne
1972;12,1;-5,7;6,67;8,851593338266596;Pozitivno;Da
1973;0,4;-57,4;7,34;5,88;Pozitivno;Ne
1974;0,3;-52,6;6,08;5,59;Negativno;Ne
1975;1,4;-73,8;7,53;3,72;Negativno;Ne
1976;8,2;-15,4;6,7;8,016654272973977;Pozitivno;Da
1977;8,6;-48,8;7,27;0,17;Negativno;Ne
1978;6,8;-37,6;7,49;3,49;Negativno;Ne
1979;2,8;-36,5;7,23;4,13;Negativno;Ne
1980;9,7;-59,8;7,31;4,66;Negativno;Ne
1981;10,6;-56,3;7,67;2,7;Negativno;Ne
1982;12,0;-75,1;6,43;3,29;Negativno;Ne
1983;11,3;-60,3;6,62;2,7;Negativno;Ne
1984;12,4;-19,5;7,1;8,121593338266596;Pozitivno;Da
1985;0,8;-38,0;7,17;5,62;Negativno;Ne
1986;8,2;-22,1;6,7;2,35;Negativno;Ne
1987;10,5;-72,9;7,38;3,77;Negativno;Ne
1988;10,6;-12,7;6,88;0,36;Negativno;Ne
1989;13,9;-33,7;7,07;3,84;Negativno;Ne
1990;13,3;-68,1;7,61;0,44;Negativno;Ne
1991;6,9;-30,9;7,31;5,49;Negativno;Ne
1992;0,4;-51,9;6,86;5,29;Negativno;Ne
1993;11,1;-19,9;6,83;4,75;Negativno;Ne
1994;1,8;-54,6;6,93;3,98;Negativno;Ne
1995;10,2;-43,1;7,11;2,02;Negativno;Ne
1996;9,0;-47,4;7,27;2,5;Negativno;Ne
1997;3,5;-54,2;6,79;3,85;Negativno;Ne
1998;14,9;-52,4;6,82;1,34;Negativno;Ne
1999;13,0;-49,0;7,01;2,16;Negativno;Ne
2000;1,2;-35,4;8,05;1,23;Negativno;Ne
